referrer_donor_id,referred_donor_id,referral_type,referral_date
90dd0881-b6eb-4a8c-84ca-c0205b14f30e,003c374e-1358-471e-8f22-8a59276a0747,shared_interest,2025-06-08T01:06:51.794985
90dd0881-b6eb-4a8c-84ca-c0205b14f30e,0093fcb3-b524-416f-b6fe-b8cae32d411a,shared_interest,2025-06-10T01:06:51.794985
90dd0881-b6eb-4a8c-84ca-c0205b14f30e,00b2744b-14d6-43a5-885d-232b3e4b7b0a,shared_interest,2025-07-03T01:06:51.794985
90dd0881-b6eb-4a8c-84ca-c0205b14f30e,00cba771-fb33-4590-a41e-b4140ec0c527,shared_interest,2025-07-28T01:06:51.794985
90dd0881-b6eb-4a8c-84ca-c0205b14f30e,0106a48c-dfb3-4b1c-baff-563f33269393,shared_interest,2025-07-29T01:06:51.794985
90dd0881-b6eb-4a8c-84ca-c0205b14f30e,01170fce-33a9-44c3-8990-1891c89b08ab,shared_interest,2025-07-21T01:06:51.794985
90dd0881-b6eb-4a8c-84ca-c0205b14f30e,0178e78b-ca2b-4c1d-8478-c54d654da361,shared_interest,2025-07-01T01:06:51.794985
90dd0881-b6eb-4a8c-84ca-c0205b14f30e,017aecc1-ec5b-44dc-a629-b78f64de6e68,shared_interest,2025-08-16T01:06:51.794985
90dd0881-b6eb-4a8c-84ca-c0205b14f30e,0199ebd2-5287-4cec-9f95-e93b7305a7a4,shared_interest,2025-11-07T01:06:51.794985
90dd0881-b6eb-4a8c-84ca-c0205b14f30e,019b7753-5b69-42be-9b68-9d11394df183,shared_interest,2025-08-31T01:06:51.794985
90dd0881-b6eb-4a8c-84ca-c0205b14f30e,01d00b8f-8335-498e-9eba-5d8294235b03,shared_interest,2025-06-04T01:06:51.794985
90dd0881-b6eb-4a8c-84ca-c0205b14f30e,0213e574-1095-49cc-9c3d-388db5cce7f9,shared_interest,2025-08-06T01:06:51.794985
90dd0881-b6eb-4a8c-84ca-c0205b14f30e,02566141-6b8b-431a-be96-232fc318b69b,shared_interest,2025-09-18T01:06:51.794985
90dd0881-b6eb-4a8c-84ca-c0205b14f30e,02ab02f6-2bac-4a0d-bdc2-f84b166e3154,shared_interest,2025-09-29T01:06:51.794985
90dd0881-b6eb-4a8c-84ca-c0205b14f30e,032be5bb-852d-4ace-a3b4-ec7e72c75126,shared_interest,2025-06-13T01:06:51.794985
90dd0881-b6eb-4a8c-84ca-c0205b14f30e,0345bcfa-cc1d-4786-8c26-d52992b03849,shared_interest,2025-10-09T01:06:51.794985
90dd0881-b6eb-4a8c-84ca-c0205b14f30e,04346619-f18e-42eb-9374-d60fc94bf18d,shared_interest,2025-08-23T01:06:51.794985
90dd0881-b6eb-4a8c-84ca-c0205b14f30e,04765b66-2a12-4483-961c-b68158b78604,shared_interest,2025-08-10T01:06:51.794985
90dd0881-b6eb-4a8c-84ca-c0205b14f30e,05772823-69a7-45c9-bd3a-beca07d3a481,shared_interest,2025-10-08T01:06:51.794985
90dd0881-b6eb-4a8c-84ca-c0205b14f30e,065c5194-b678-44dd-9df6-29101fa5d57b,shared_interest,2025-11-05T01:06:51.794985
90dd0881-b6eb-4a8c-84ca-c0205b14f30e,06b2c83a-8f99-4891-91ca-4279b310d78c,shared_interest,2025-07-21T01:06:51.794985
90dd0881-b6eb-4a8c-84ca-c0205b14f30e,0718c6fe-b52e-4df5-b353-754a863ab27b,shared_interest,2025-08-07T01:06:51.794985
90dd0881-b6eb-4a8c-84ca-c0205b14f30e,07338794-c8f2-464c-b29a-9f1722ff75a3,shared_interest,2025-09-13T01:06:51.794985
90dd0881-b6eb-4a8c-84ca-c0205b14f30e,07ba2820-2d0b-411c-9bc8-b02a8f3cbbf5,shared_interest,2025-10-11T01:06:51.794985
90dd0881-b6eb-4a8c-84ca-c0205b14f30e,082ff939-d3a4-4410-b531-56ee76bdf63c,shared_interest,2025-09-17T01:06:51.794985
90dd0881-b6eb-4a8c-84ca-c0205b14f30e,0850b612-3950-41e3-8ce0-11737d091b64,shared_interest,2025-08-23T01:06:51.794985
90dd0881-b6eb-4a8c-84ca-c0205b14f30e,0880292e-7620-468e-8b64-2ac0c7eb23a0,shared_interest,2025-11-21T01:06:51.794985
90dd0881-b6eb-4a8c-84ca-c0205b14f30e,08b688ff-5974-463c-8d73-78b65024ed33,shared_interest,2025-10-20T01:06:51.794985
90dd0881-b6eb-4a8c-84ca-c0205b14f30e,08ec7f35-6afd-44aa-8380-b5155d710f89,shared_interest,2025-11-25T01:06:51.794985
90dd0881-b6eb-4a8c-84ca-c0205b14f30e,094e4237-55bc-438a-af41-ef1259b44f0f,shared_interest,2025-08-15T01:06:51.794985
90dd0881-b6eb-4a8c-84ca-c0205b14f30e,09cc5a9d-b3eb-45c6-8203-f3293060a4ba,shared_interest,2025-08-29T01:06:51.794985
90dd0881-b6eb-4a8c-84ca-c0205b14f30e,0a1b2bd4-a0b5-4294-a5b3-1f525f325114,shared_interest,2025-09-11T01:06:51.794985
90dd0881-b6eb-4a8c-84ca-c0205b14f30e,0a81c4d2-4bbb-4f9d-a53a-caf49d5821ce,shared_interest,2025-08-08T01:06:51.794985
90dd0881-b6eb-4a8c-84ca-c0205b14f30e,0ad91275-dce9-492e-b6f5-330111a54564,shared_interest,2025-07-01T01:06:51.794985
90dd0881-b6eb-4a8c-84ca-c0205b14f30e,0b113918-d94f-40ee-b572-3b18a96579ce,shared_interest,2025-06-22T01:06:51.794985
90dd0881-b6eb-4a8c-84ca-c0205b14f30e,0b1d32c9-a5bc-48fb-9bb2-897afc133a69,shared_interest,2025-08-29T01:06:51.794985
90dd0881-b6eb-4a8c-84ca-c0205b14f30e,0c050158-6ab8-4a27-8793-e4e35c6dfe1c,shared_interest,2025-10-06T01:06:51.794985
90dd0881-b6eb-4a8c-84ca-c0205b14f30e,0c1def4f-0e4a-4e55-9f28-1d92864f3588,shared_interest,2025-08-18T01:06:51.794985
90dd0881-b6eb-4a8c-84ca-c0205b14f30e,0cf81293-7a5c-48e8-b7b8-8a2069a39867,shared_interest,2025-06-21T01:06:51.794985
90dd0881-b6eb-4a8c-84ca-c0205b14f30e,0d09e507-7494-4116-adf2-8b32a9990fbc,shared_interest,2025-08-21T01:06:51.794985
90dd0881-b6eb-4a8c-84ca-c0205b14f30e,0def33bf-4d0a-41c8-ae3f-c5020521d075,shared_interest,2025-06-27T01:06:51.794985
90dd0881-b6eb-4a8c-84ca-c0205b14f30e,0e7c2455-3a4d-42fb-8b04-bc984c3620cb,shared_interest,2025-07-10T01:06:51.794985
90dd0881-b6eb-4a8c-84ca-c0205b14f30e,0efa7f0a-9c9f-4e09-ad5f-916165662862,shared_interest,2025-10-02T01:06:51.794985
90dd0881-b6eb-4a8c-84ca-c0205b14f30e,0f672771-5dcc-4a70-830c-1e9def14bb1a,shared_interest,2025-08-30T01:06:51.794985
90dd0881-b6eb-4a8c-84ca-c0205b14f30e,0f868f00-a2cc-44ac-a685-1b44c46d0644,shared_interest,2025-10-11T01:06:51.794985
743671cf-c14c-4475-9d2c-7a143fa51ef8,006ced9f-89da-468a-9c8c-1a0ef98e8cd5,shared_interest,2025-07-31T01:06:51.840181
743671cf-c14c-4475-9d2c-7a143fa51ef8,010c1b43-81e6-4cdc-8d78-a65acef426f5,shared_interest,2025-10-08T01:06:51.840181
743671cf-c14c-4475-9d2c-7a143fa51ef8,048326c0-b939-471c-9a6f-f80369497a2b,shared_interest,2025-06-20T01:06:51.840181
743671cf-c14c-4475-9d2c-7a143fa51ef8,04a78df8-917b-43af-af73-e76f78a0fb2e,shared_interest,2025-10-07T01:06:51.840181
743671cf-c14c-4475-9d2c-7a143fa51ef8,0641295b-ce22-4d25-bd22-235a9c19808a,shared_interest,2025-06-04T01:06:51.840181
743671cf-c14c-4475-9d2c-7a143fa51ef8,067c7536-bbb2-4aa7-9b5f-7d50dc620a50,shared_interest,2025-11-16T01:06:51.840181
743671cf-c14c-4475-9d2c-7a143fa51ef8,068815af-4e70-447a-b267-8fb55972f649,shared_interest,2025-07-24T01:06:51.840181
743671cf-c14c-4475-9d2c-7a143fa51ef8,083b4153-5acd-4bcc-9fe2-62b22a964279,shared_interest,2025-10-20T01:06:51.840181
743671cf-c14c-4475-9d2c-7a143fa51ef8,09bd34ec-e321-441d-b6c6-8b630adab478,shared_interest,2025-09-12T01:06:51.840181
743671cf-c14c-4475-9d2c-7a143fa51ef8,0a6be1cc-6c67-42ac-a7e6-d550e33e3797,shared_interest,2025-10-12T01:06:51.840181
743671cf-c14c-4475-9d2c-7a143fa51ef8,0b874b28-e3bc-4d1a-8664-7e06a33d833a,shared_interest,2025-06-16T01:06:51.840181
743671cf-c14c-4475-9d2c-7a143fa51ef8,0bb41e3b-7359-424f-b644-945ecc019b7e,shared_interest,2025-10-24T01:06:51.840181
743671cf-c14c-4475-9d2c-7a143fa51ef8,0bc74695-ed15-448e-a064-740f3206d009,shared_interest,2025-06-22T01:06:51.840181
743671cf-c14c-4475-9d2c-7a143fa51ef8,0cd47a3a-4503-45bb-802c-b111b43cb890,shared_interest,2025-09-20T01:06:51.840181
743671cf-c14c-4475-9d2c-7a143fa51ef8,0e6153f5-edfd-4536-982c-6e86318ca951,shared_interest,2025-08-01T01:06:51.840181
743671cf-c14c-4475-9d2c-7a143fa51ef8,0f6b61f8-366d-42e8-822b-6bf42cf7ffb5,shared_interest,2025-06-04T01:06:51.840181
743671cf-c14c-4475-9d2c-7a143fa51ef8,0fde95b8-adea-4943-9233-de8783e05c5c,shared_interest,2025-09-10T01:06:51.840181
743671cf-c14c-4475-9d2c-7a143fa51ef8,121d2b90-7870-4a64-8ec4-9451820810e2,shared_interest,2025-08-24T01:06:51.840181
743671cf-c14c-4475-9d2c-7a143fa51ef8,126d7c06-4a0d-49bf-9919-0809c49d5d93,shared_interest,2025-09-06T01:06:51.840181
743671cf-c14c-4475-9d2c-7a143fa51ef8,13045a5e-2fd3-4785-ac1b-5461a6dbe715,shared_interest,2025-10-27T01:06:51.840181
743671cf-c14c-4475-9d2c-7a143fa51ef8,1437267d-0c5c-4ac8-8b0e-10cdfce02c71,shared_interest,2025-09-19T01:06:51.840181
743671cf-c14c-4475-9d2c-7a143fa51ef8,157ac65e-9acc-41e3-8194-d0e6b0fee253,shared_interest,2025-06-29T01:06:51.840181
743671cf-c14c-4475-9d2c-7a143fa51ef8,159a4c36-ef09-4bdc-a5da-c099e220e152,shared_interest,2025-09-12T01:06:51.840181
743671cf-c14c-4475-9d2c-7a143fa51ef8,17fcb4d5-de08-45fa-89ce-306ea8a52b47,shared_interest,2025-06-11T01:06:51.840181
743671cf-c14c-4475-9d2c-7a143fa51ef8,18142272-89ad-4569-a176-674397edb5af,shared_interest,2025-07-18T01:06:51.840181
743671cf-c14c-4475-9d2c-7a143fa51ef8,18366e0a-d82e-485e-8dde-059e6463051d,shared_interest,2025-11-07T01:06:51.840181
743671cf-c14c-4475-9d2c-7a143fa51ef8,19b745bf-28a5-48a4-bc1c-91ec64bd8427,shared_interest,2025-11-13T01:06:51.840181
743671cf-c14c-4475-9d2c-7a143fa51ef8,1a6d5b7c-eba2-4786-8a64-57b6578eb534,shared_interest,2025-09-01T01:06:51.840181
743671cf-c14c-4475-9d2c-7a143fa51ef8,1c5b3091-2d0b-4727-82c4-c8020eb48431,shared_interest,2025-06-27T01:06:51.840181
743671cf-c14c-4475-9d2c-7a143fa51ef8,1ccabb0d-8398-49e3-a404-2cf0bdd071af,shared_interest,2025-09-20T01:06:51.840181
743671cf-c14c-4475-9d2c-7a143fa51ef8,1d9bf402-6cff-43ad-86a5-e9df913d4f74,shared_interest,2025-08-29T01:06:51.840181
743671cf-c14c-4475-9d2c-7a143fa51ef8,1ddc147f-60e7-4c3f-a645-730b00d8a7e3,shared_interest,2025-09-03T01:06:51.840181
743671cf-c14c-4475-9d2c-7a143fa51ef8,1fb4454a-9ef5-477d-831f-9cab25e0408d,shared_interest,2025-06-06T01:06:51.840181
743671cf-c14c-4475-9d2c-7a143fa51ef8,214b2e5b-3cbb-48ce-bcdf-cc3e556ae671,shared_interest,2025-11-25T01:06:51.840181
743671cf-c14c-4475-9d2c-7a143fa51ef8,224f91b5-0f6a-49ca-b9c6-6314e96c5636,shared_interest,2025-09-13T01:06:51.840181
743671cf-c14c-4475-9d2c-7a143fa51ef8,22a6670c-8b34-4ebb-9d08-02b2c7fc97e7,shared_interest,2025-10-05T01:06:51.840181
743671cf-c14c-4475-9d2c-7a143fa51ef8,22ae8943-4349-430d-9787-ca7ce2f117d5,shared_interest,2025-07-05T01:06:51.840181
743671cf-c14c-4475-9d2c-7a143fa51ef8,22bb84e2-4c41-4d0a-8bc6-421473b2fc6e,shared_interest,2025-09-19T01:06:51.840181
6d3ec010-28a6-4047-8076-2fe901a72aaa,002ee4ed-6085-4969-9cf0-0776607ee397,shared_interest,2025-09-13T01:06:51.883215
6d3ec010-28a6-4047-8076-2fe901a72aaa,00d3e7b9-a9c2-4fd5-b3bb-1440c6f2cbe9,shared_interest,2025-07-23T01:06:51.883215
6d3ec010-28a6-4047-8076-2fe901a72aaa,017dafb9-2614-4e69-a87d-4444a55e83c9,shared_interest,2025-10-25T01:06:51.883215
6d3ec010-28a6-4047-8076-2fe901a72aaa,0526a2c4-523c-4576-82d6-8390bb4195b0,shared_interest,2025-09-17T01:06:51.883215
6d3ec010-28a6-4047-8076-2fe901a72aaa,05c72f13-f2ff-4d01-b68b-eb1dd3ac7468,shared_interest,2025-10-14T01:06:51.883215
6d3ec010-28a6-4047-8076-2fe901a72aaa,07c08a95-b20e-4c0c-a920-c478180d67f3,shared_interest,2025-07-26T01:06:51.883215
6d3ec010-28a6-4047-8076-2fe901a72aaa,09655322-124c-4513-8b6e-0b1f0060ea81,shared_interest,2025-06-28T01:06:51.883215
6d3ec010-28a6-4047-8076-2fe901a72aaa,096d9182-70c9-4066-b200-1f480c9c5c0e,shared_interest,2025-07-03T01:06:51.883215
6d3ec010-28a6-4047-8076-2fe901a72aaa,0a6bb360-9e2f-4814-833f-5918fdcd6525,shared_interest,2025-07-13T01:06:51.883215
6d3ec010-28a6-4047-8076-2fe901a72aaa,0b2d4489-0c42-4a0c-8861-a46c9a6a0555,shared_interest,2025-06-30T01:06:51.883215
6d3ec010-28a6-4047-8076-2fe901a72aaa,0b3f7650-a98b-4350-ac57-585e86d1a27b,shared_interest,2025-09-28T01:06:51.883215
6d3ec010-28a6-4047-8076-2fe901a72aaa,0b6beb5b-9df9-46a1-a46b-4235e2d840f1,shared_interest,2025-08-06T01:06:51.883215
6d3ec010-28a6-4047-8076-2fe901a72aaa,0ccde19e-d62c-4c13-a5ef-5fd265a090ea,shared_interest,2025-11-15T01:06:51.883215
6d3ec010-28a6-4047-8076-2fe901a72aaa,10405448-9792-44c5-b790-65de50454400,shared_interest,2025-08-13T01:06:51.883215
6d3ec010-28a6-4047-8076-2fe901a72aaa,1058a3cf-cb7b-477c-88fa-b8130b28da25,shared_interest,2025-06-12T01:06:51.883215
6d3ec010-28a6-4047-8076-2fe901a72aaa,10858d49-8760-4f06-92d3-0238fcb4db53,shared_interest,2025-06-06T01:06:51.883215
6d3ec010-28a6-4047-8076-2fe901a72aaa,12054914-5bbd-4481-bf0b-e42d7603e6c7,shared_interest,2025-08-15T01:06:51.883215
6d3ec010-28a6-4047-8076-2fe901a72aaa,13430e1d-25ef-422f-a98d-6fbe30614260,shared_interest,2025-10-21T01:06:51.883215
6d3ec010-28a6-4047-8076-2fe901a72aaa,136cb770-701b-4a1c-884b-341a497ca7f5,shared_interest,2025-07-08T01:06:51.883215
6d3ec010-28a6-4047-8076-2fe901a72aaa,14af4818-b72b-489d-abc6-e024f096fbb7,shared_interest,2025-09-19T01:06:51.883215
6d3ec010-28a6-4047-8076-2fe901a72aaa,1624fb6d-d734-4455-ad82-f77dfd78cf89,shared_interest,2025-10-07T01:06:51.883215
6d3ec010-28a6-4047-8076-2fe901a72aaa,16e43025-10f1-42e6-9793-e0e2f333d79c,shared_interest,2025-06-26T01:06:51.883215
6d3ec010-28a6-4047-8076-2fe901a72aaa,18982ba5-26b5-4a7b-a589-18d90a80c9b6,shared_interest,2025-08-31T01:06:51.883215
6d3ec010-28a6-4047-8076-2fe901a72aaa,18f12f0e-5abd-4833-b055-6c5dd43cd075,shared_interest,2025-06-10T01:06:51.883215
6d3ec010-28a6-4047-8076-2fe901a72aaa,1937244a-3912-4e51-9247-f7178af1c7be,shared_interest,2025-06-27T01:06:51.883215
6d3ec010-28a6-4047-8076-2fe901a72aaa,19e5baac-7774-44b2-bb53-b045dc52f6ec,shared_interest,2025-09-01T01:06:51.883215
6d3ec010-28a6-4047-8076-2fe901a72aaa,1af28cf5-4aa5-460c-881d-9f7a684f9fd1,shared_interest,2025-07-21T01:06:51.883215
6d3ec010-28a6-4047-8076-2fe901a72aaa,1dc1ac41-96a0-4ef0-9b41-aab3ff667eba,shared_interest,2025-06-28T01:06:51.883215
6d3ec010-28a6-4047-8076-2fe901a72aaa,1e6a6ae6-b9f4-481a-b3ab-f3984984d2ae,shared_interest,2025-09-19T01:06:51.883215
6d3ec010-28a6-4047-8076-2fe901a72aaa,1f102326-daf2-47d2-9448-0d607db6a5c4,shared_interest,2025-07-24T01:06:51.883215
6d3ec010-28a6-4047-8076-2fe901a72aaa,20be7905-0bf3-4cfb-b08d-20f20e70d23b,shared_interest,2025-10-10T01:06:51.883215
6d3ec010-28a6-4047-8076-2fe901a72aaa,226358e9-3b10-4161-b407-1a02964b6834,shared_interest,2025-07-18T01:06:51.883215
6d3ec010-28a6-4047-8076-2fe901a72aaa,2266a0ca-1d55-4af3-984c-297ada1ae07c,shared_interest,2025-11-11T01:06:51.883215
6d3ec010-28a6-4047-8076-2fe901a72aaa,22aa7ff0-91cd-42aa-8a8f-66d4ed7544c6,shared_interest,2025-07-11T01:06:51.883215
6d3ec010-28a6-4047-8076-2fe901a72aaa,24009d6b-1f2a-40f7-95ea-616fa6a70a4e,shared_interest,2025-09-23T01:06:51.883215
6d3ec010-28a6-4047-8076-2fe901a72aaa,2430d6cb-df73-4701-8b3c-9e0cd2683d80,shared_interest,2025-10-09T01:06:51.883215
6d3ec010-28a6-4047-8076-2fe901a72aaa,26882ccb-bb29-4670-87f3-12afbd161d8a,shared_interest,2025-10-23T01:06:51.883215
6d3ec010-28a6-4047-8076-2fe901a72aaa,26ddec8f-b792-4c44-b5e0-1f6b4db6a668,shared_interest,2025-07-07T01:06:51.883215
6d3ec010-28a6-4047-8076-2fe901a72aaa,2862a95b-ef8b-4645-b623-103fd42b7e80,shared_interest,2025-08-18T01:06:51.883215
6d3ec010-28a6-4047-8076-2fe901a72aaa,28b1a9f3-fa88-4856-83e5-08e32984df79,shared_interest,2025-09-06T01:06:51.883215
6d3ec010-28a6-4047-8076-2fe901a72aaa,28cc7203-d6f6-4804-84c9-b1b6cc9dafc8,shared_interest,2025-07-08T01:06:51.883215
6d3ec010-28a6-4047-8076-2fe901a72aaa,2979915f-f894-4008-87f6-75f3ac03106e,shared_interest,2025-08-03T01:06:51.883215
1e2f0ef3-080c-4951-bd7c-c689e4f8c1c9,10ad5a48-bcf2-452a-8c9a-dd0f0e6afe72,shared_interest,2025-07-19T01:06:51.964704
1e2f0ef3-080c-4951-bd7c-c689e4f8c1c9,11e3a800-8996-45a3-856f-a73d49ddaa84,shared_interest,2025-06-29T01:06:51.964704
1e2f0ef3-080c-4951-bd7c-c689e4f8c1c9,146646dd-7032-47d9-a785-88e28975f7f6,shared_interest,2025-10-11T01:06:51.964704
1e2f0ef3-080c-4951-bd7c-c689e4f8c1c9,1508a870-ce1d-443b-85ae-192cdc3531bc,shared_interest,2025-11-20T01:06:51.964704
1e2f0ef3-080c-4951-bd7c-c689e4f8c1c9,1611f746-9a5a-4544-998b-8eb48bf135df,shared_interest,2025-07-24T01:06:51.964704
1e2f0ef3-080c-4951-bd7c-c689e4f8c1c9,1689a59c-95b3-457e-90d1-b5c3e196a11b,shared_interest,2025-11-04T01:06:51.964704
1e2f0ef3-080c-4951-bd7c-c689e4f8c1c9,17fba6ec-64f9-45e9-a1a2-c1d09b9cf99d,shared_interest,2025-08-02T01:06:51.964704
1e2f0ef3-080c-4951-bd7c-c689e4f8c1c9,18200f3d-20d8-4758-9993-9968ea666e04,shared_interest,2025-09-01T01:06:51.964704
1e2f0ef3-080c-4951-bd7c-c689e4f8c1c9,19209e14-434d-440e-acaa-9310d23b6f45,shared_interest,2025-09-09T01:06:51.964704
1e2f0ef3-080c-4951-bd7c-c689e4f8c1c9,19e8ff80-c4dc-4bbc-a310-a044cc15730c,shared_interest,2025-08-27T01:06:51.964704
1e2f0ef3-080c-4951-bd7c-c689e4f8c1c9,1aa0e41c-82eb-42ef-809c-e99d32fa2196,shared_interest,2025-06-30T01:06:51.964704
1e2f0ef3-080c-4951-bd7c-c689e4f8c1c9,1b034431-e502-4c31-ba6a-1df051e09b3c,shared_interest,2025-07-01T01:06:51.964704
1e2f0ef3-080c-4951-bd7c-c689e4f8c1c9,1c37ae67-dc31-48cc-aac8-3a3d85bf0468,shared_interest,2025-06-29T01:06:51.964704
1e2f0ef3-080c-4951-bd7c-c689e4f8c1c9,1c8f62cf-f816-40ad-977e-492f64c24bfb,shared_interest,2025-10-26T01:06:51.964704
1e2f0ef3-080c-4951-bd7c-c689e4f8c1c9,1e0a5d81-0624-426e-b9ff-77be3edd8dbf,shared_interest,2025-09-25T01:06:51.964704
1e2f0ef3-080c-4951-bd7c-c689e4f8c1c9,1e6b210c-03f1-4d7d-9689-4ad4ae658f41,shared_interest,2025-08-15T01:06:51.964704
1e2f0ef3-080c-4951-bd7c-c689e4f8c1c9,20c8a983-1235-453a-bc74-11871370a49f,shared_interest,2025-08-17T01:06:51.964704
1e2f0ef3-080c-4951-bd7c-c689e4f8c1c9,20cca08e-6c35-4eb8-a7e5-913a7219df31,shared_interest,2025-08-03T01:06:51.964704
1e2f0ef3-080c-4951-bd7c-c689e4f8c1c9,2121f9d1-f656-45f2-a0d3-5f674853f86f,shared_interest,2025-07-09T01:06:51.964704
1e2f0ef3-080c-4951-bd7c-c689e4f8c1c9,21222686-3647-4697-89d5-4686d32c3503,shared_interest,2025-06-16T01:06:51.964704
1e2f0ef3-080c-4951-bd7c-c689e4f8c1c9,219bc148-4687-4cfd-8073-93f2c450a316,shared_interest,2025-09-21T01:06:51.964704
1e2f0ef3-080c-4951-bd7c-c689e4f8c1c9,2250c4e5-bce0-49b0-b9cf-f4c86cb57e6b,shared_interest,2025-08-13T01:06:51.964704
1e2f0ef3-080c-4951-bd7c-c689e4f8c1c9,232eef46-7ac8-47bb-b24f-3e80b561c336,shared_interest,2025-10-19T01:06:51.964704
1e2f0ef3-080c-4951-bd7c-c689e4f8c1c9,23c106b5-143d-4c2c-ba9c-bb4614f0e31b,shared_interest,2025-11-24T01:06:51.964704
1e2f0ef3-080c-4951-bd7c-c689e4f8c1c9,23eb6caa-c8cd-46f3-ae56-170ed4514a4b,shared_interest,2025-08-13T01:06:51.964704
1e2f0ef3-080c-4951-bd7c-c689e4f8c1c9,24897e18-6ec4-475d-8193-38d46577b2a5,shared_interest,2025-08-09T01:06:51.964704
1e2f0ef3-080c-4951-bd7c-c689e4f8c1c9,26b9f0cd-2c2a-43c8-9a32-ef21e3bb1776,shared_interest,2025-09-05T01:06:51.964704
1e2f0ef3-080c-4951-bd7c-c689e4f8c1c9,29c5d0bb-ee77-45e6-9624-fdc0cb500a65,shared_interest,2025-10-17T01:06:51.964704
1e2f0ef3-080c-4951-bd7c-c689e4f8c1c9,2a3bbeb8-5396-4be5-a8f1-8c4407705460,shared_interest,2025-10-03T01:06:51.964704
1e2f0ef3-080c-4951-bd7c-c689e4f8c1c9,2a8194e1-b02a-4aa8-91a1-f03c2afa2341,shared_interest,2025-08-31T01:06:51.964704
1e2f0ef3-080c-4951-bd7c-c689e4f8c1c9,2b811bef-5500-47a3-8959-7d87242bcbaf,shared_interest,2025-10-19T01:06:51.964704
1e2f0ef3-080c-4951-bd7c-c689e4f8c1c9,2d07d31a-e76b-40c7-8aac-69d0f66b5312,shared_interest,2025-06-28T01:06:51.964704
1e2f0ef3-080c-4951-bd7c-c689e4f8c1c9,2d121bb4-7cca-456c-91fa-7b139041aef7,shared_interest,2025-06-14T01:06:51.964704
1e2f0ef3-080c-4951-bd7c-c689e4f8c1c9,2dda8be8-0ac6-4ff2-ad09-fcbc3fbf92f2,shared_interest,2025-09-23T01:06:51.964704
1e2f0ef3-080c-4951-bd7c-c689e4f8c1c9,2e9aba02-cb84-46f1-96fe-13d75bbc9f25,shared_interest,2025-06-12T01:06:51.964704
1e2f0ef3-080c-4951-bd7c-c689e4f8c1c9,2e9b35a5-a02d-4149-aefc-0f8341536a57,shared_interest,2025-07-29T01:06:51.964704
1e2f0ef3-080c-4951-bd7c-c689e4f8c1c9,2fa75d45-d967-443b-8671-15d8d6d1b658,shared_interest,2025-06-29T01:06:51.964704
1e2f0ef3-080c-4951-bd7c-c689e4f8c1c9,31178197-d467-41a4-a2ad-ff55c0eb362a,shared_interest,2025-08-27T01:06:51.964704
1e2f0ef3-080c-4951-bd7c-c689e4f8c1c9,31888ce7-dde8-42e4-8b93-687a749b5efe,shared_interest,2025-08-20T01:06:51.964704
1e2f0ef3-080c-4951-bd7c-c689e4f8c1c9,320c1e42-4019-4c19-ae12-fc8ddfa6d990,shared_interest,2025-08-13T01:06:51.964704
d4e40a68-3274-4f30-ba07-a76a10555433,004f1a5a-796e-4d24-92f5-663c0c7fb445,shared_interest,2025-06-18T01:06:52.010652
d4e40a68-3274-4f30-ba07-a76a10555433,00dfd0dd-b64f-42df-bf25-4eec7f829f6b,shared_interest,2025-07-31T01:06:52.010652
d4e40a68-3274-4f30-ba07-a76a10555433,015c2ed2-b249-4da9-bb78-c24bc01bfda8,shared_interest,2025-06-24T01:06:52.010652
d4e40a68-3274-4f30-ba07-a76a10555433,022cf4b6-2aff-494c-af73-bd4bf94f8475,shared_interest,2025-09-16T01:06:52.010652
d4e40a68-3274-4f30-ba07-a76a10555433,044b5b1b-62da-4416-aafe-25ea04e084d8,shared_interest,2025-11-05T01:06:52.010652
d4e40a68-3274-4f30-ba07-a76a10555433,045eb9b0-29b3-4ba5-988a-6b04237c9875,shared_interest,2025-09-02T01:06:52.010652
d4e40a68-3274-4f30-ba07-a76a10555433,08e6e9a2-5438-456c-881c-a42c597d8a40,shared_interest,2025-06-29T01:06:52.010652
d4e40a68-3274-4f30-ba07-a76a10555433,0b309f63-fa38-40af-a7df-3c4200a4aaa7,shared_interest,2025-07-02T01:06:52.010652
d4e40a68-3274-4f30-ba07-a76a10555433,0eee9534-51d0-4ca3-af3c-50a8c90586ca,shared_interest,2025-10-10T01:06:52.010652
d4e40a68-3274-4f30-ba07-a76a10555433,0f2f6fd3-e4c0-4fab-baf3-2ea6f019c464,shared_interest,2025-06-18T01:06:52.010652
d4e40a68-3274-4f30-ba07-a76a10555433,0fc55c9f-d71c-4922-8adc-3fd2854bc142,shared_interest,2025-06-15T01:06:52.010652
d4e40a68-3274-4f30-ba07-a76a10555433,100f52f6-a875-492e-9000-520fd0bbc2b5,shared_interest,2025-06-26T01:06:52.010652
d4e40a68-3274-4f30-ba07-a76a10555433,10e1ef02-03fe-4e56-b660-62229ce21722,shared_interest,2025-08-26T01:06:52.010652
d4e40a68-3274-4f30-ba07-a76a10555433,11395d9d-ccf8-4f27-86c3-460e7db0e446,shared_interest,2025-07-11T01:06:52.010652
d4e40a68-3274-4f30-ba07-a76a10555433,13114049-e5f1-403b-b8f8-dae36995f861,shared_interest,2025-10-01T01:06:52.010652
d4e40a68-3274-4f30-ba07-a76a10555433,14651697-8629-4439-a39f-3782ebe4a17f,shared_interest,2025-06-25T01:06:52.010652
d4e40a68-3274-4f30-ba07-a76a10555433,1653db57-504f-443e-95f9-efaf04ccb8cd,shared_interest,2025-10-11T01:06:52.010652
d4e40a68-3274-4f30-ba07-a76a10555433,168d4986-f441-48f6-ab17-8d02e91a06ae,shared_interest,2025-07-20T01:06:52.010652
d4e40a68-3274-4f30-ba07-a76a10555433,17d7d71a-5887-457e-9f51-675207d51bbb,shared_interest,2025-07-29T01:06:52.010652
d4e40a68-3274-4f30-ba07-a76a10555433,1820d636-4396-406b-8ffd-f99a3a929382,shared_interest,2025-09-15T01:06:52.010652
d4e40a68-3274-4f30-ba07-a76a10555433,194bf1aa-82ae-46a8-8684-da06899f2ad1,shared_interest,2025-11-22T01:06:52.010652
d4e40a68-3274-4f30-ba07-a76a10555433,1a9c2063-77e6-4681-b33b-dc32fed47752,shared_interest,2025-09-26T01:06:52.010652
d4e40a68-3274-4f30-ba07-a76a10555433,1c3f17f6-ac30-469f-9367-c99c428bf6d7,shared_interest,2025-07-19T01:06:52.010652
d4e40a68-3274-4f30-ba07-a76a10555433,1ca624e5-c0fa-4e94-aedb-5c74be4f79f0,shared_interest,2025-09-15T01:06:52.010652
d4e40a68-3274-4f30-ba07-a76a10555433,1ddf3108-4cbb-47d6-bd6c-eba7931a856d,shared_interest,2025-06-05T01:06:52.010652
d4e40a68-3274-4f30-ba07-a76a10555433,1debd7bd-d621-4005-a721-8895d7dafd87,shared_interest,2025-10-31T01:06:52.010652
d4e40a68-3274-4f30-ba07-a76a10555433,1e002314-9e4c-4e5b-a86f-715f66e8e62d,shared_interest,2025-06-26T01:06:52.010652
d4e40a68-3274-4f30-ba07-a76a10555433,1ef97db5-3528-4164-a550-4445acf4ac65,shared_interest,2025-06-10T01:06:52.010652
d4e40a68-3274-4f30-ba07-a76a10555433,20252f79-aa6b-44b3-98c8-20cc1086b41a,shared_interest,2025-11-20T01:06:52.010652
d4e40a68-3274-4f30-ba07-a76a10555433,211c5f89-4b95-4b07-8f1b-1abfffbe992d,shared_interest,2025-06-17T01:06:52.010652
869feaf2-f368-4a0d-9edd-d63114aa8f97,010ccfd4-e940-4f1f-adb3-91f7d5f0bc27,shared_interest,2025-11-08T01:06:52.043144
869feaf2-f368-4a0d-9edd-d63114aa8f97,01e97589-44e7-44d2-83ec-f215c6058414,shared_interest,2025-08-31T01:06:52.043144
869feaf2-f368-4a0d-9edd-d63114aa8f97,020e7cbc-2b2a-455f-8bfa-fa9e7156bc41,shared_interest,2025-08-06T01:06:52.043144
869feaf2-f368-4a0d-9edd-d63114aa8f97,0278342a-c105-42f1-a1a0-bae8531734c8,shared_interest,2025-06-13T01:06:52.043144
869feaf2-f368-4a0d-9edd-d63114aa8f97,02ab2c2c-de2d-43e0-9171-0a096c632b21,shared_interest,2025-08-05T01:06:52.043144
869feaf2-f368-4a0d-9edd-d63114aa8f97,05620726-05e5-446e-b6f7-2ab3ba04c8af,shared_interest,2025-11-02T01:06:52.043144
869feaf2-f368-4a0d-9edd-d63114aa8f97,0609ae86-5c1f-41fd-acb5-2ddcd9efd0e1,shared_interest,2025-08-01T01:06:52.043144
869feaf2-f368-4a0d-9edd-d63114aa8f97,0611d350-4243-461b-ae77-857e2cf5e39e,shared_interest,2025-09-01T01:06:52.043144
869feaf2-f368-4a0d-9edd-d63114aa8f97,0748175f-9a12-4919-8233-33c7b187f869,shared_interest,2025-11-06T01:06:52.043144
869feaf2-f368-4a0d-9edd-d63114aa8f97,0859aa9f-b527-4dda-ab22-2b9f935444e5,shared_interest,2025-08-31T01:06:52.043144
869feaf2-f368-4a0d-9edd-d63114aa8f97,095d853b-5ffa-4f29-9f51-7e0bfebbfc9a,shared_interest,2025-06-25T01:06:52.043144
869feaf2-f368-4a0d-9edd-d63114aa8f97,0cbf2c03-c632-4ff5-ae37-e46ea7a2be7c,shared_interest,2025-07-03T01:06:52.043144
869feaf2-f368-4a0d-9edd-d63114aa8f97,0d07f10f-9445-4bdb-b5c9-437b03440626,shared_interest,2025-08-22T01:06:52.043144
869feaf2-f368-4a0d-9edd-d63114aa8f97,0fa00d8a-b92e-4dfd-bc82-bb3fad502ea6,shared_interest,2025-08-20T01:06:52.043144
869feaf2-f368-4a0d-9edd-d63114aa8f97,10b493ac-5c91-436e-98c1-57a0283dc589,shared_interest,2025-09-28T01:06:52.043144
869feaf2-f368-4a0d-9edd-d63114aa8f97,1200df2c-d983-4f3c-869c-b1968f83bf72,shared_interest,2025-10-18T01:06:52.043144
869feaf2-f368-4a0d-9edd-d63114aa8f97,1207e494-171a-43c8-ab47-25e2a7c147b8,shared_interest,2025-11-17T01:06:52.043144
869feaf2-f368-4a0d-9edd-d63114aa8f97,1248d5c7-2813-43e3-9404-a7fa3ea924c7,shared_interest,2025-06-23T01:06:52.043144
869feaf2-f368-4a0d-9edd-d63114aa8f97,139e3c4b-7159-4d2f-9249-cc6462fdef03,shared_interest,2025-10-26T01:06:52.043144
869feaf2-f368-4a0d-9edd-d63114aa8f97,13bcb143-f1e9-4495-aefe-6f998dd031e4,shared_interest,2025-07-09T01:06:52.043144
869feaf2-f368-4a0d-9edd-d63114aa8f97,1809b272-9382-4618-8ed6-81a5ba018515,shared_interest,2025-08-17T01:06:52.043144
869feaf2-f368-4a0d-9edd-d63114aa8f97,18817530-4407-4a92-bdcc-ede46d9ad1b7,shared_interest,2025-09-23T01:06:52.043144
869feaf2-f368-4a0d-9edd-d63114aa8f97,193a439d-4798-4148-98ae-79346f779a98,shared_interest,2025-07-31T01:06:52.043144
869feaf2-f368-4a0d-9edd-d63114aa8f97,19f04b63-d76a-495d-9cf8-7462b40540e9,shared_interest,2025-09-15T01:06:52.043144
869feaf2-f368-4a0d-9edd-d63114aa8f97,1d60474e-ea69-4f3c-8f1f-5fa7003e4d40,shared_interest,2025-07-03T01:06:52.043144
869feaf2-f368-4a0d-9edd-d63114aa8f97,1ef95bf6-1c34-47bf-847a-418ef71e9f47,shared_interest,2025-11-12T01:06:52.043144
869feaf2-f368-4a0d-9edd-d63114aa8f97,211d1bb7-9ca0-4b9d-bf17-4e2223fc2cb5,shared_interest,2025-11-07T01:06:52.043144
869feaf2-f368-4a0d-9edd-d63114aa8f97,2714ce02-d9ad-4c76-b327-9b86362984f1,shared_interest,2025-07-30T01:06:52.043144
869feaf2-f368-4a0d-9edd-d63114aa8f97,2728c27d-cbf1-44ca-bf92-b64c1d18f4fa,shared_interest,2025-10-04T01:06:52.043144
869feaf2-f368-4a0d-9edd-d63114aa8f97,2852573c-f4bc-4907-8202-b5be8a0ccedc,shared_interest,2025-08-29T01:06:52.043144
869feaf2-f368-4a0d-9edd-d63114aa8f97,2b4d1634-1bb7-4d56-981b-16b714732f0c,shared_interest,2025-10-26T01:06:52.043144
869feaf2-f368-4a0d-9edd-d63114aa8f97,2b8ee594-8f21-4d3f-9de4-881662f13a31,shared_interest,2025-07-01T01:06:52.043144
869feaf2-f368-4a0d-9edd-d63114aa8f97,2cbbea22-341d-4739-aad8-449aff8f7470,shared_interest,2025-11-08T01:06:52.043144
869feaf2-f368-4a0d-9edd-d63114aa8f97,2cc2b739-30f8-4956-8e77-513fb057ca11,shared_interest,2025-07-28T01:06:52.043144
869feaf2-f368-4a0d-9edd-d63114aa8f97,2cdfec1d-2f33-47cf-a81f-7442578c17b8,shared_interest,2025-09-13T01:06:52.043144
d2050e69-5cc7-4832-aff6-37caaaf87148,0fbca3ed-44d3-44eb-92ea-afee99477576,shared_interest,2025-11-06T01:06:52.086911
d2050e69-5cc7-4832-aff6-37caaaf87148,11c7509f-1571-4298-af6f-c1bc99c68ee9,shared_interest,2025-07-20T01:06:52.086911
d2050e69-5cc7-4832-aff6-37caaaf87148,12b56280-ef2d-4753-807c-a9f958c77a2a,shared_interest,2025-10-29T01:06:52.086911
d2050e69-5cc7-4832-aff6-37caaaf87148,1457ac4a-c875-4110-8f6d-fc0f14d78473,shared_interest,2025-09-09T01:06:52.086911
d2050e69-5cc7-4832-aff6-37caaaf87148,15ff619f-592e-4d64-b017-3ac3a7366f4d,shared_interest,2025-07-18T01:06:52.086911
d2050e69-5cc7-4832-aff6-37caaaf87148,17e03002-2a14-49ef-8595-68c8a02b0250,shared_interest,2025-10-30T01:06:52.086911
d2050e69-5cc7-4832-aff6-37caaaf87148,1c815e5f-1ef9-4a96-ae87-1ddfdb57650f,shared_interest,2025-09-25T01:06:52.086911
d2050e69-5cc7-4832-aff6-37caaaf87148,1e2f0ef3-080c-4951-bd7c-c689e4f8c1c9,shared_interest,2025-07-28T01:06:52.086911
d2050e69-5cc7-4832-aff6-37caaaf87148,2227e897-490d-4e6d-b415-0b78f3db9abc,shared_interest,2025-08-20T01:06:52.086911
d2050e69-5cc7-4832-aff6-37caaaf87148,2285f9a2-4005-4575-afa3-4626e87c2c6b,shared_interest,2025-06-28T01:06:52.086911
d2050e69-5cc7-4832-aff6-37caaaf87148,23719638-0d53-4da6-817a-cf37034d97c1,shared_interest,2025-06-12T01:06:52.086911
d2050e69-5cc7-4832-aff6-37caaaf87148,239fb45d-d42a-4bf3-8e86-79d3e552684f,shared_interest,2025-09-19T01:06:52.086911
d2050e69-5cc7-4832-aff6-37caaaf87148,23c49ed9-6c02-4526-bb5e-54d846a04d6c,shared_interest,2025-11-16T01:06:52.086911
d2050e69-5cc7-4832-aff6-37caaaf87148,2643dea1-ccbe-4dd7-ac97-a5a3d7a27e12,shared_interest,2025-08-11T01:06:52.086911
d2050e69-5cc7-4832-aff6-37caaaf87148,2704331f-9fd8-4cff-a117-836c0d78fd3c,shared_interest,2025-11-19T01:06:52.086911
d2050e69-5cc7-4832-aff6-37caaaf87148,2903ab25-fa9b-4ed8-890a-535849ce5cb9,shared_interest,2025-10-29T01:06:52.086911
d2050e69-5cc7-4832-aff6-37caaaf87148,2a17c521-0afd-48d9-9fd6-0974aa1073c8,shared_interest,2025-07-11T01:06:52.086911
d2050e69-5cc7-4832-aff6-37caaaf87148,2b0a442a-b66d-462a-8665-6f26d5fef0d4,shared_interest,2025-07-17T01:06:52.086911
d2050e69-5cc7-4832-aff6-37caaaf87148,2d9b6320-d18f-40d7-b716-dafb2137cbe0,shared_interest,2025-08-10T01:06:52.086911
d2050e69-5cc7-4832-aff6-37caaaf87148,2e030788-2d79-49f3-a6bc-87b3bade8bee,shared_interest,2025-07-19T01:06:52.086911
d2050e69-5cc7-4832-aff6-37caaaf87148,2e308e78-c5ac-4d79-b75b-45352da82f6a,shared_interest,2025-09-05T01:06:52.086911
d2050e69-5cc7-4832-aff6-37caaaf87148,2e48d2ec-3f38-4f2a-ab29-8d5860a39d4c,shared_interest,2025-08-13T01:06:52.086911
d2050e69-5cc7-4832-aff6-37caaaf87148,2e876271-f190-466b-89a9-b0840d35949a,shared_interest,2025-08-31T01:06:52.086911
d2050e69-5cc7-4832-aff6-37caaaf87148,2ed86b15-7378-465e-ba18-ed252848712c,shared_interest,2025-06-19T01:06:52.086911
d2050e69-5cc7-4832-aff6-37caaaf87148,2f5ce024-d518-466a-9b3a-f0b373c6f23c,shared_interest,2025-08-01T01:06:52.086911
d2050e69-5cc7-4832-aff6-37caaaf87148,2f9a05fd-802d-4838-be40-039bcce449d6,shared_interest,2025-07-15T01:06:52.086911
d2050e69-5cc7-4832-aff6-37caaaf87148,2ff8b186-5786-44dc-8d19-b5141b186af9,shared_interest,2025-10-24T01:06:52.086911
d2050e69-5cc7-4832-aff6-37caaaf87148,304ea99a-2c46-4be8-a510-5f8138f65faf,shared_interest,2025-08-22T01:06:52.086911
d2050e69-5cc7-4832-aff6-37caaaf87148,30752260-9f6e-49f0-b88d-370c41b4e197,shared_interest,2025-07-04T01:06:52.086911
d2050e69-5cc7-4832-aff6-37caaaf87148,3081ad3e-b963-4253-ac1f-42a0822036cf,shared_interest,2025-10-31T01:06:52.086911
d2050e69-5cc7-4832-aff6-37caaaf87148,308b4326-3f39-4acd-9ab7-9ec06ee2906f,shared_interest,2025-10-15T01:06:52.086911
d2050e69-5cc7-4832-aff6-37caaaf87148,30f6c0e7-913b-4e0f-9330-408e30e46a0f,shared_interest,2025-11-11T01:06:52.086911
321bea51-a9a9-4940-b273-9f3dd740ffd7,00684172-e806-46da-9c17-eb839869ecc8,shared_interest,2025-09-16T01:06:52.123871
321bea51-a9a9-4940-b273-9f3dd740ffd7,02220334-d27f-4b3f-bef7-639443a58d57,shared_interest,2025-06-25T01:06:52.123871
321bea51-a9a9-4940-b273-9f3dd740ffd7,05177781-6211-404b-ba5a-be47c96484eb,shared_interest,2025-06-24T01:06:52.123871
321bea51-a9a9-4940-b273-9f3dd740ffd7,0bbffdb0-b3e5-452a-891d-43bc7501f262,shared_interest,2025-09-06T01:06:52.123871
321bea51-a9a9-4940-b273-9f3dd740ffd7,0be5c044-3228-4950-aeeb-275ac2ccba31,shared_interest,2025-07-29T01:06:52.123871
321bea51-a9a9-4940-b273-9f3dd740ffd7,0e174672-fa48-4e6e-b265-96087895f4d1,shared_interest,2025-10-14T01:06:52.123871
321bea51-a9a9-4940-b273-9f3dd740ffd7,105437dc-b48f-4cbe-886d-3749629dcbc7,shared_interest,2025-06-06T01:06:52.123871
321bea51-a9a9-4940-b273-9f3dd740ffd7,132f2389-a0f4-41a6-93c7-b894c1cb906c,shared_interest,2025-07-10T01:06:52.123871
321bea51-a9a9-4940-b273-9f3dd740ffd7,133a007b-9784-4920-a5a9-9ea44cc1174d,shared_interest,2025-06-30T01:06:52.123871
321bea51-a9a9-4940-b273-9f3dd740ffd7,14aa0462-7a4a-44ce-8aa8-929039c42b50,shared_interest,2025-08-14T01:06:52.123871
321bea51-a9a9-4940-b273-9f3dd740ffd7,1632dcbc-873d-4a5a-8d48-7040bca9d63f,shared_interest,2025-09-09T01:06:52.123871
321bea51-a9a9-4940-b273-9f3dd740ffd7,177d7144-f619-4b7f-a4ee-0ba709093065,shared_interest,2025-11-05T01:06:52.123871
321bea51-a9a9-4940-b273-9f3dd740ffd7,189d3a9d-4aef-43b3-b840-7e6f23e3cdd2,shared_interest,2025-09-04T01:06:52.123871
321bea51-a9a9-4940-b273-9f3dd740ffd7,19b5b86e-e459-4ee5-9be3-1e07fd2ff7b6,shared_interest,2025-10-07T01:06:52.123871
321bea51-a9a9-4940-b273-9f3dd740ffd7,1b0a2e8f-022a-456e-bd21-228a0facad9d,shared_interest,2025-11-01T01:06:52.123871
321bea51-a9a9-4940-b273-9f3dd740ffd7,1c4eeaf9-063b-4464-8c18-122a20f62c0b,shared_interest,2025-11-16T01:06:52.123871
321bea51-a9a9-4940-b273-9f3dd740ffd7,1cefe0d9-ca0e-4a94-8a43-d6c097b1ee8b,shared_interest,2025-09-09T01:06:52.123871
321bea51-a9a9-4940-b273-9f3dd740ffd7,1d1dd54b-ccaf-4c97-a1ac-b8d8bdfb79ee,shared_interest,2025-07-03T01:06:52.123871
321bea51-a9a9-4940-b273-9f3dd740ffd7,1df81b8d-32ee-4c9c-9120-2c842688ff43,shared_interest,2025-08-29T01:06:52.123871
321bea51-a9a9-4940-b273-9f3dd740ffd7,2340712b-6ff2-419f-8a99-01f4057ee136,shared_interest,2025-09-23T01:06:52.123871
321bea51-a9a9-4940-b273-9f3dd740ffd7,23b0d32b-f83d-474b-8315-2f9935e246df,shared_interest,2025-11-09T01:06:52.126488
321bea51-a9a9-4940-b273-9f3dd740ffd7,2417fa65-0562-424e-b1ff-2b0590ec7c28,shared_interest,2025-08-26T01:06:52.126488
321bea51-a9a9-4940-b273-9f3dd740ffd7,25c49145-4ae8-444c-b633-220c22661f6d,shared_interest,2025-09-11T01:06:52.126488
321bea51-a9a9-4940-b273-9f3dd740ffd7,265670dd-1041-4fdf-baa6-ed98ae563536,shared_interest,2025-07-07T01:06:52.126488
321bea51-a9a9-4940-b273-9f3dd740ffd7,28b75718-dcc4-468d-a651-2520e2a56d65,shared_interest,2025-10-21T01:06:52.126488
321bea51-a9a9-4940-b273-9f3dd740ffd7,2b177450-699d-44b1-b572-0da4331c05eb,shared_interest,2025-11-16T01:06:52.126488
321bea51-a9a9-4940-b273-9f3dd740ffd7,2b8725b7-b7fb-4723-9966-dc6e7c233ca6,shared_interest,2025-10-19T01:06:52.126488
321bea51-a9a9-4940-b273-9f3dd740ffd7,2bb53d30-e2a2-435d-863e-f58dcb8f72af,shared_interest,2025-09-24T01:06:52.126488
321bea51-a9a9-4940-b273-9f3dd740ffd7,2dd1b902-b67e-4c39-8890-535aa0f412d6,shared_interest,2025-08-02T01:06:52.126488
321bea51-a9a9-4940-b273-9f3dd740ffd7,2df1ebef-9b9d-4b82-bfd9-aa7ee83e84e0,shared_interest,2025-06-28T01:06:52.126488
321bea51-a9a9-4940-b273-9f3dd740ffd7,2f682037-a568-495a-b7a1-1ea3412c62f5,shared_interest,2025-08-09T01:06:52.126488
321bea51-a9a9-4940-b273-9f3dd740ffd7,2f9b8cac-07a4-418a-97be-02e2693884e3,shared_interest,2025-11-22T01:06:52.126488
321bea51-a9a9-4940-b273-9f3dd740ffd7,30496670-dc28-45b4-bf30-6d17450a9f45,shared_interest,2025-06-21T01:06:52.126488
321bea51-a9a9-4940-b273-9f3dd740ffd7,310bc8a7-787a-4928-8d16-6a484d43e553,shared_interest,2025-06-29T01:06:52.126488
9de79ddc-1582-463d-84aa-c9020bbdd329,01642303-43b9-4565-b1ea-cff93eb2b335,shared_interest,2025-08-29T01:06:52.162645
9de79ddc-1582-463d-84aa-c9020bbdd329,09f6f90b-e8c9-4f8c-81e8-bec7f1f010e7,shared_interest,2025-06-15T01:06:52.162645
9de79ddc-1582-463d-84aa-c9020bbdd329,0a7a7de1-80d3-43b8-9168-c7e595aae3f7,shared_interest,2025-11-17T01:06:52.162645
9de79ddc-1582-463d-84aa-c9020bbdd329,0a8b47e6-a7f1-4850-a8fa-45e412f2a360,shared_interest,2025-11-25T01:06:52.162645
9de79ddc-1582-463d-84aa-c9020bbdd329,1121435c-8296-4816-baf4-6473669badaf,shared_interest,2025-10-26T01:06:52.162645
9de79ddc-1582-463d-84aa-c9020bbdd329,11733031-a8ef-4abe-ba8c-03b6ff81532e,shared_interest,2025-08-13T01:06:52.162645
9de79ddc-1582-463d-84aa-c9020bbdd329,11ccec74-5a84-48ae-b300-67bbf4d1cb8e,shared_interest,2025-10-21T01:06:52.162645
9de79ddc-1582-463d-84aa-c9020bbdd329,14895d8c-588d-48b0-b438-1fd4d8ca5a55,shared_interest,2025-07-13T01:06:52.162645
9de79ddc-1582-463d-84aa-c9020bbdd329,163372ae-8721-44dc-98f7-282564d8704a,shared_interest,2025-10-26T01:06:52.162645
9de79ddc-1582-463d-84aa-c9020bbdd329,16d3a30f-01fa-467c-bc5d-1c0fc7a37cec,shared_interest,2025-08-15T01:06:52.162645
9de79ddc-1582-463d-84aa-c9020bbdd329,190e60fa-50fd-4237-b948-cfb1bef2bf26,shared_interest,2025-11-15T01:06:52.162645
9de79ddc-1582-463d-84aa-c9020bbdd329,19b5c6a3-a4b3-4719-9e86-ce8247452e4e,shared_interest,2025-11-22T01:06:52.162645
9de79ddc-1582-463d-84aa-c9020bbdd329,1a6b7642-1cf4-47e1-ac92-ae3c7dee34b4,shared_interest,2025-07-01T01:06:52.162645
9de79ddc-1582-463d-84aa-c9020bbdd329,2538308f-40a1-4989-951b-bb72f5b24ab9,shared_interest,2025-07-24T01:06:52.162645
9de79ddc-1582-463d-84aa-c9020bbdd329,266216c5-3a7d-4704-ad8f-9f27bc051a59,shared_interest,2025-08-29T01:06:52.162645
9de79ddc-1582-463d-84aa-c9020bbdd329,278e3e26-17af-4c92-beba-d0227c43af08,shared_interest,2025-06-05T01:06:52.162645
9de79ddc-1582-463d-84aa-c9020bbdd329,27ca132e-76a8-4dc5-ace2-31ed889c0dfb,shared_interest,2025-07-19T01:06:52.162645
9de79ddc-1582-463d-84aa-c9020bbdd329,2a2b1a6e-c6f0-4894-b105-25387cf2aa8e,shared_interest,2025-09-20T01:06:52.162645
9de79ddc-1582-463d-84aa-c9020bbdd329,2af29d54-cb95-484d-a9ed-328441274a6c,shared_interest,2025-06-17T01:06:52.162645
9de79ddc-1582-463d-84aa-c9020bbdd329,2bab1007-ad4b-4ae7-83b1-5d4cab2460d0,shared_interest,2025-07-13T01:06:52.162645
9de79ddc-1582-463d-84aa-c9020bbdd329,2d9ccd02-9d29-4728-a3af-2bcc24ae7772,shared_interest,2025-10-17T01:06:52.162645
9de79ddc-1582-463d-84aa-c9020bbdd329,2db0bb95-91e4-4b5e-99b7-cd1f8ab72983,shared_interest,2025-09-01T01:06:52.162645
9de79ddc-1582-463d-84aa-c9020bbdd329,304ef720-bd8d-4b8a-885d-a2b4fe8b1fed,shared_interest,2025-10-28T01:06:52.162645
9de79ddc-1582-463d-84aa-c9020bbdd329,30e1ca0b-5f92-4c48-9b6f-9e50a8347461,shared_interest,2025-11-18T01:06:52.162645
9de79ddc-1582-463d-84aa-c9020bbdd329,321bea51-a9a9-4940-b273-9f3dd740ffd7,shared_interest,2025-09-16T01:06:52.162645
9de79ddc-1582-463d-84aa-c9020bbdd329,32de2a7c-66c9-499b-a9ff-67f6b22fde69,shared_interest,2025-10-27T01:06:52.162645
9de79ddc-1582-463d-84aa-c9020bbdd329,34301b6e-a517-4484-9730-0a61551f4f4c,shared_interest,2025-10-22T01:06:52.162645
9de79ddc-1582-463d-84aa-c9020bbdd329,3708ef1e-550c-4180-bd11-4258496e0dc3,shared_interest,2025-09-14T01:06:52.162645
9de79ddc-1582-463d-84aa-c9020bbdd329,37f5df2c-d9d7-45e5-9161-baa79b30784f,shared_interest,2025-07-07T01:06:52.162645
9de79ddc-1582-463d-84aa-c9020bbdd329,381ca84e-5029-49fb-b200-a7ce5cd3be94,shared_interest,2025-08-31T01:06:52.162645
9de79ddc-1582-463d-84aa-c9020bbdd329,3827c716-0b88-45eb-aac4-723b83cdc474,shared_interest,2025-10-03T01:06:52.162645
a08e189d-19cc-46b7-b1f9-b9869d8d22e9,052a6deb-e5e3-4548-a7e6-3d9b82add0c7,shared_interest,2025-11-08T01:06:52.204909
a08e189d-19cc-46b7-b1f9-b9869d8d22e9,05d13956-e1a5-4ff8-9204-2af2f626d2e7,shared_interest,2025-07-26T01:06:52.204909
a08e189d-19cc-46b7-b1f9-b9869d8d22e9,06071549-207d-45e2-8da3-8465615dcc08,shared_interest,2025-06-25T01:06:52.204909
a08e189d-19cc-46b7-b1f9-b9869d8d22e9,060bd9f8-b730-4977-806d-03e1dfe5cd42,shared_interest,2025-06-09T01:06:52.204909
a08e189d-19cc-46b7-b1f9-b9869d8d22e9,077c848e-21dd-4f42-9209-bb7bf309722c,shared_interest,2025-09-12T01:06:52.204909
a08e189d-19cc-46b7-b1f9-b9869d8d22e9,0a414243-d75b-40e2-b980-0ee52544dd21,shared_interest,2025-10-26T01:06:52.204909
a08e189d-19cc-46b7-b1f9-b9869d8d22e9,0b470338-548c-4ff3-84ec-b51dfb13c44f,shared_interest,2025-08-04T01:06:52.204909
a08e189d-19cc-46b7-b1f9-b9869d8d22e9,1268b2c3-f530-4844-b209-135d64acc9a9,shared_interest,2025-08-13T01:06:52.204909
a08e189d-19cc-46b7-b1f9-b9869d8d22e9,1554f24b-a147-4e4b-86aa-20b3329de300,shared_interest,2025-08-01T01:06:52.204909
a08e189d-19cc-46b7-b1f9-b9869d8d22e9,158f5e29-356d-4d0c-87ab-3760e75c3617,shared_interest,2025-10-01T01:06:52.204909
a08e189d-19cc-46b7-b1f9-b9869d8d22e9,172da016-ddef-4b63-b164-cca07c1303a1,shared_interest,2025-09-06T01:06:52.204909
a08e189d-19cc-46b7-b1f9-b9869d8d22e9,179a078c-de8f-423b-b2c5-127c5ddfaa57,shared_interest,2025-08-05T01:06:52.204909
a08e189d-19cc-46b7-b1f9-b9869d8d22e9,17efca01-b251-4116-af78-e8b0f105c5d6,shared_interest,2025-11-15T01:06:52.204909
a08e189d-19cc-46b7-b1f9-b9869d8d22e9,1ff2ad3a-34e7-4ead-a51a-8a4512ce576a,shared_interest,2025-07-14T01:06:52.204909
a08e189d-19cc-46b7-b1f9-b9869d8d22e9,210c134c-b1d6-4987-89a1-8bc60511a383,shared_interest,2025-08-24T01:06:52.204909
a08e189d-19cc-46b7-b1f9-b9869d8d22e9,235f04d6-95e2-4f87-b2bc-58b97a0eaab4,shared_interest,2025-11-20T01:06:52.204909
a08e189d-19cc-46b7-b1f9-b9869d8d22e9,23f1dcc0-84bc-4d72-b5aa-ae44b79ae9c8,shared_interest,2025-09-05T01:06:52.204909
a08e189d-19cc-46b7-b1f9-b9869d8d22e9,26df100c-4551-4ba1-8bc3-6011a43d5880,shared_interest,2025-09-06T01:06:52.204909
a08e189d-19cc-46b7-b1f9-b9869d8d22e9,29c2749a-66d4-4d16-9961-cdb8bb8fcb6e,shared_interest,2025-10-04T01:06:52.204909
a08e189d-19cc-46b7-b1f9-b9869d8d22e9,2afcbbf2-a55b-4a53-af26-542e01175849,shared_interest,2025-07-07T01:06:52.204909
a08e189d-19cc-46b7-b1f9-b9869d8d22e9,2c9141a5-059e-4c4a-9e45-16fcb8dd75f2,shared_interest,2025-09-20T01:06:52.204909
a08e189d-19cc-46b7-b1f9-b9869d8d22e9,2cfaa98c-7ba8-4a70-8523-a5513af1b5a3,shared_interest,2025-07-06T01:06:52.204909
a08e189d-19cc-46b7-b1f9-b9869d8d22e9,30b4d3c8-d001-4018-8cd2-4ecf672d5ee0,shared_interest,2025-07-25T01:06:52.204909
a08e189d-19cc-46b7-b1f9-b9869d8d22e9,31844c38-8b77-4e36-879b-e157056d7141,shared_interest,2025-06-09T01:06:52.204909
a08e189d-19cc-46b7-b1f9-b9869d8d22e9,35ab35ad-5ed2-4e26-bc9a-c49123bb28a6,shared_interest,2025-06-15T01:06:52.204909
a08e189d-19cc-46b7-b1f9-b9869d8d22e9,362d0326-587a-44af-9d55-d4790090bdea,shared_interest,2025-08-17T01:06:52.204909
a08e189d-19cc-46b7-b1f9-b9869d8d22e9,36a86dfc-a4b1-4203-a96d-f2e6ba9db90a,shared_interest,2025-08-12T01:06:52.204909
a08e189d-19cc-46b7-b1f9-b9869d8d22e9,36c66176-2913-4faf-80df-7e4ca59c7ec5,shared_interest,2025-09-01T01:06:52.204909
b3a060b0-fb45-44cd-930a-e24e78969590,024e3509-a54b-49b7-a351-3dc54163aa52,shared_interest,2025-11-12T01:06:52.243765
b3a060b0-fb45-44cd-930a-e24e78969590,037be562-0921-4828-a51c-e788ce5e37ff,shared_interest,2025-07-28T01:06:52.243765
b3a060b0-fb45-44cd-930a-e24e78969590,11cfd38d-41bb-4c28-ab9a-01de42032155,shared_interest,2025-11-01T01:06:52.243765
b3a060b0-fb45-44cd-930a-e24e78969590,152a6f74-5620-4800-a46e-01aa845065b5,shared_interest,2025-06-19T01:06:52.243765
b3a060b0-fb45-44cd-930a-e24e78969590,16f560ac-76bc-449e-9474-395fb322505c,shared_interest,2025-07-30T01:06:52.243765
b3a060b0-fb45-44cd-930a-e24e78969590,19c49bbc-c908-44cc-bff7-b389cc883a4a,shared_interest,2025-06-04T01:06:52.243765
b3a060b0-fb45-44cd-930a-e24e78969590,1c294395-ac18-4ca0-a216-b07355b3c514,shared_interest,2025-11-11T01:06:52.243765
b3a060b0-fb45-44cd-930a-e24e78969590,1e312448-db61-4f83-8dd8-88ba89650197,shared_interest,2025-08-25T01:06:52.243765
b3a060b0-fb45-44cd-930a-e24e78969590,22a95572-8268-405c-ab4b-a9019a947a66,shared_interest,2025-09-30T01:06:52.243765
b3a060b0-fb45-44cd-930a-e24e78969590,244b376a-ed74-4dcc-85c1-f0a1a26a19ef,shared_interest,2025-11-08T01:06:52.243765
b3a060b0-fb45-44cd-930a-e24e78969590,26105b7f-5bec-480c-b842-12253e528c3f,shared_interest,2025-07-18T01:06:52.243765
b3a060b0-fb45-44cd-930a-e24e78969590,270fc4ae-8d3e-4225-b912-4a16486a8dcc,shared_interest,2025-07-17T01:06:52.243765
b3a060b0-fb45-44cd-930a-e24e78969590,27ec0765-a7d0-41c9-96db-24ecd936ba1f,shared_interest,2025-11-26T01:06:52.243765
b3a060b0-fb45-44cd-930a-e24e78969590,294d3756-5571-4a92-8bdf-94f3678d862c,shared_interest,2025-10-17T01:06:52.243765
b3a060b0-fb45-44cd-930a-e24e78969590,2b3b89a4-1f0d-4ffb-9728-993b36d01245,shared_interest,2025-11-02T01:06:52.243765
b3a060b0-fb45-44cd-930a-e24e78969590,2bb402a8-7f9c-48d5-8f1c-1fe6e5b261cc,shared_interest,2025-09-17T01:06:52.243765
b3a060b0-fb45-44cd-930a-e24e78969590,2bdf7d6d-dee1-4e06-b23c-e3f75fee32f5,shared_interest,2025-09-03T01:06:52.243765
b3a060b0-fb45-44cd-930a-e24e78969590,2cb1e42f-5ea9-4c5f-bb4d-9e3a7e95fcb7,shared_interest,2025-06-18T01:06:52.243765
b3a060b0-fb45-44cd-930a-e24e78969590,2d66b2aa-f2a6-4a00-b55d-bced6e91663a,shared_interest,2025-07-12T01:06:52.243765
b3a060b0-fb45-44cd-930a-e24e78969590,2df1fde1-8e0b-40d7-911a-5f2703edbd07,shared_interest,2025-10-22T01:06:52.243765
b3a060b0-fb45-44cd-930a-e24e78969590,2e3f035c-48a0-40e3-b02e-d93f1fbfd0b6,shared_interest,2025-10-20T01:06:52.243765
b3a060b0-fb45-44cd-930a-e24e78969590,309eca59-e538-4576-8b88-90a8de6b20b2,shared_interest,2025-09-27T01:06:52.243765
b3a060b0-fb45-44cd-930a-e24e78969590,3109d7ee-9545-4dec-aeb3-c80296c275f1,shared_interest,2025-07-08T01:06:52.243765
b3a060b0-fb45-44cd-930a-e24e78969590,31f96637-9136-4932-ab57-8bc686e7b327,shared_interest,2025-08-02T01:06:52.243765
b3a060b0-fb45-44cd-930a-e24e78969590,33315ee4-6589-42f7-a230-2867b7ca80d9,shared_interest,2025-10-25T01:06:52.243765
b3a060b0-fb45-44cd-930a-e24e78969590,33e3f4ab-0c63-403a-baaf-0c8560e7ce11,shared_interest,2025-10-25T01:06:52.243765
b3a060b0-fb45-44cd-930a-e24e78969590,3698b8c9-78f7-43b1-b807-6df2b63c3802,shared_interest,2025-10-10T01:06:52.243765
b3a060b0-fb45-44cd-930a-e24e78969590,36d51d5f-60c7-42ff-96ba-c9edf71147fd,shared_interest,2025-11-04T01:06:52.243765
b3a060b0-fb45-44cd-930a-e24e78969590,36d78e8a-1f35-4b90-8d88-36086c1d12f6,shared_interest,2025-07-17T01:06:52.243765
b3a060b0-fb45-44cd-930a-e24e78969590,376052f6-ff79-4123-b74e-209234a0b213,shared_interest,2025-06-24T01:06:52.243765
b3a060b0-fb45-44cd-930a-e24e78969590,37f9561f-f66f-441e-9db4-8ea086e68fc7,shared_interest,2025-06-06T01:06:52.243765
b3a060b0-fb45-44cd-930a-e24e78969590,38c71011-204f-4da3-999e-956ea8791977,shared_interest,2025-07-04T01:06:52.243765
b3a060b0-fb45-44cd-930a-e24e78969590,3b6fed1d-d565-4ac0-9e7e-aef281446bef,shared_interest,2025-07-06T01:06:52.243765
cf29d314-1f6a-4b4b-b6e2-48a88d6a3dfd,0493bf09-1fff-465f-b3bc-e9733a8c0fad,shared_interest,2025-07-08T01:06:52.282732
cf29d314-1f6a-4b4b-b6e2-48a88d6a3dfd,069081fa-e46f-47b7-aa16-619ad3671862,shared_interest,2025-07-24T01:06:52.282732
cf29d314-1f6a-4b4b-b6e2-48a88d6a3dfd,0b6d4819-16a3-4136-83ff-aaf69b07ee68,shared_interest,2025-08-01T01:06:52.282732
cf29d314-1f6a-4b4b-b6e2-48a88d6a3dfd,110d3cfb-a2b4-4bc5-8b2d-0abf4c670fb7,shared_interest,2025-06-23T01:06:52.282732
cf29d314-1f6a-4b4b-b6e2-48a88d6a3dfd,16dddcb0-41f0-4193-a628-301f758c7ed9,shared_interest,2025-07-13T01:06:52.282732
cf29d314-1f6a-4b4b-b6e2-48a88d6a3dfd,231b939d-8da4-4f88-931f-1414d89293ae,shared_interest,2025-08-17T01:06:52.282732
cf29d314-1f6a-4b4b-b6e2-48a88d6a3dfd,255c9d24-930c-427f-acf3-9ff42dae890e,shared_interest,2025-08-16T01:06:52.282732
cf29d314-1f6a-4b4b-b6e2-48a88d6a3dfd,25619f61-84e1-4542-a3b2-038b6431a49b,shared_interest,2025-08-11T01:06:52.282732
cf29d314-1f6a-4b4b-b6e2-48a88d6a3dfd,259b699d-ff6a-4158-afa7-1d9f2864af4e,shared_interest,2025-06-21T01:06:52.282732
cf29d314-1f6a-4b4b-b6e2-48a88d6a3dfd,27726b95-5ffb-4ab5-a82a-858ff1bab914,shared_interest,2025-08-04T01:06:52.282732
cf29d314-1f6a-4b4b-b6e2-48a88d6a3dfd,298b7709-cb1f-4587-bbf5-c3ff5b49d77e,shared_interest,2025-09-23T01:06:52.282732
cf29d314-1f6a-4b4b-b6e2-48a88d6a3dfd,29f0b517-7c10-4698-87ad-1881dc20ea1a,shared_interest,2025-07-19T01:06:52.282732
cf29d314-1f6a-4b4b-b6e2-48a88d6a3dfd,2c966663-2ea8-4275-b666-af7e29533f17,shared_interest,2025-10-05T01:06:52.282732
cf29d314-1f6a-4b4b-b6e2-48a88d6a3dfd,2cab6e9a-02ff-4c51-b54c-c8f16f6bf888,shared_interest,2025-10-16T01:06:52.282732
cf29d314-1f6a-4b4b-b6e2-48a88d6a3dfd,2dbdf825-9ea4-450d-957c-1d119b2e05c7,shared_interest,2025-07-11T01:06:52.282732
cf29d314-1f6a-4b4b-b6e2-48a88d6a3dfd,30627a78-b7a4-47e9-8a37-c9540bcdb94d,shared_interest,2025-10-22T01:06:52.282732
cf29d314-1f6a-4b4b-b6e2-48a88d6a3dfd,30a57139-8c8a-4cb7-b9da-26a48fbc8ab1,shared_interest,2025-08-04T01:06:52.282732
cf29d314-1f6a-4b4b-b6e2-48a88d6a3dfd,31ef152b-e2b7-4c0d-b244-34f0d2ab2c7c,shared_interest,2025-08-14T01:06:52.282732
cf29d314-1f6a-4b4b-b6e2-48a88d6a3dfd,34af2720-4ea2-431a-8da9-d7bed0726624,shared_interest,2025-08-08T01:06:52.282732
cf29d314-1f6a-4b4b-b6e2-48a88d6a3dfd,35e97df2-344e-45da-b822-5b2b728979cc,shared_interest,2025-09-06T01:06:52.282732
cf29d314-1f6a-4b4b-b6e2-48a88d6a3dfd,35f8c79b-e9df-4a23-86f3-61419dddbdda,shared_interest,2025-11-08T01:06:52.282732
cf29d314-1f6a-4b4b-b6e2-48a88d6a3dfd,36275826-41cf-44cb-a0a5-ad501e31e781,shared_interest,2025-10-14T01:06:52.282732
cf29d314-1f6a-4b4b-b6e2-48a88d6a3dfd,362c8150-992f-4e78-a826-c34be0b245a0,shared_interest,2025-10-12T01:06:52.282732
cf29d314-1f6a-4b4b-b6e2-48a88d6a3dfd,3777d4dc-fb4d-40be-9ba0-6ee697af2441,shared_interest,2025-06-10T01:06:52.282732
cf29d314-1f6a-4b4b-b6e2-48a88d6a3dfd,39586b4a-2423-411b-baf6-d5b2bd200926,shared_interest,2025-07-13T01:06:52.282732
cf29d314-1f6a-4b4b-b6e2-48a88d6a3dfd,3a2b561d-c08c-4d43-b0d9-3f7b9b2512a8,shared_interest,2025-10-19T01:06:52.282732
cf29d314-1f6a-4b4b-b6e2-48a88d6a3dfd,3a95af1d-850b-4818-a379-f5d12f7a9181,shared_interest,2025-08-09T01:06:52.282732
cf29d314-1f6a-4b4b-b6e2-48a88d6a3dfd,3a9f0539-da30-4630-8247-b158b442c57f,shared_interest,2025-11-26T01:06:52.282732
cf29d314-1f6a-4b4b-b6e2-48a88d6a3dfd,3adf7f85-695e-4ad1-ad9f-d4189829e16f,shared_interest,2025-09-24T01:06:52.282732
88d5c40e-3e96-4e48-a6e0-0de83da1ce75,3b7b9138-780e-41c6-8cba-32b3b95c5136,shared_interest,2025-08-09T01:06:52.316932
88d5c40e-3e96-4e48-a6e0-0de83da1ce75,3c1bae20-c604-4fb5-a2a6-61dc48493676,shared_interest,2025-08-18T01:06:52.316932
88d5c40e-3e96-4e48-a6e0-0de83da1ce75,4037c715-6506-4bde-91c8-d85fd5dd6093,shared_interest,2025-08-04T01:06:52.316932
88d5c40e-3e96-4e48-a6e0-0de83da1ce75,404bdacc-8b1c-4062-a8ba-4560deed497b,shared_interest,2025-10-07T01:06:52.316932
88d5c40e-3e96-4e48-a6e0-0de83da1ce75,404da108-b23e-49d4-b688-ef6cd27efdb1,shared_interest,2025-08-06T01:06:52.316932
88d5c40e-3e96-4e48-a6e0-0de83da1ce75,405ed805-b182-4e59-9bf1-de2aa24305e0,shared_interest,2025-11-19T01:06:52.316932
88d5c40e-3e96-4e48-a6e0-0de83da1ce75,4082bb0d-deab-460c-aa28-325641cb2156,shared_interest,2025-09-15T01:06:52.316932
88d5c40e-3e96-4e48-a6e0-0de83da1ce75,40a91195-6bd4-4ae7-a001-9ef2c3fffcc1,shared_interest,2025-07-21T01:06:52.316932
88d5c40e-3e96-4e48-a6e0-0de83da1ce75,410fa169-fc21-4c6a-b56a-29c5d579e97d,shared_interest,2025-10-01T01:06:52.316932
88d5c40e-3e96-4e48-a6e0-0de83da1ce75,42e2ee2b-9c1f-49d5-9b02-ea4b9d4c37d4,shared_interest,2025-11-09T01:06:52.316932
88d5c40e-3e96-4e48-a6e0-0de83da1ce75,439f2d87-91b3-413e-95b3-98e1738235d6,shared_interest,2025-09-30T01:06:52.316932
88d5c40e-3e96-4e48-a6e0-0de83da1ce75,4406f8c8-b5a1-475d-a01d-eff07eefcede,shared_interest,2025-10-18T01:06:52.316932
88d5c40e-3e96-4e48-a6e0-0de83da1ce75,445f3020-c8b4-4401-835f-d2b9438d8716,shared_interest,2025-08-25T01:06:52.316932
88d5c40e-3e96-4e48-a6e0-0de83da1ce75,44a4bb18-87cb-404b-8bf7-0838bd52d1a8,shared_interest,2025-06-15T01:06:52.316932
88d5c40e-3e96-4e48-a6e0-0de83da1ce75,453f42c0-c359-449d-bd34-f7b704f775f2,shared_interest,2025-09-26T01:06:52.316932
88d5c40e-3e96-4e48-a6e0-0de83da1ce75,45765bdc-d12d-4a45-a2aa-f58644fd215e,shared_interest,2025-08-02T01:06:52.316932
88d5c40e-3e96-4e48-a6e0-0de83da1ce75,46b19fb0-ddf9-490c-8b9a-6d5ba676fdfe,shared_interest,2025-09-03T01:06:52.316932
88d5c40e-3e96-4e48-a6e0-0de83da1ce75,4801821c-e130-4bc3-849a-03fd628726c7,shared_interest,2025-06-07T01:06:52.316932
88d5c40e-3e96-4e48-a6e0-0de83da1ce75,49ffc478-78ae-4ba1-a2c5-b77a3f7de45b,shared_interest,2025-08-25T01:06:52.316932
88d5c40e-3e96-4e48-a6e0-0de83da1ce75,4a973682-6e26-4072-b73d-68ea551d2080,shared_interest,2025-11-01T01:06:52.316932
88d5c40e-3e96-4e48-a6e0-0de83da1ce75,4b5f52f1-9647-4b96-89ac-08676aab1999,shared_interest,2025-07-21T01:06:52.316932
88d5c40e-3e96-4e48-a6e0-0de83da1ce75,4bfe2974-69e8-4c1a-a4f4-6c66839a1428,shared_interest,2025-09-19T01:06:52.316932
88d5c40e-3e96-4e48-a6e0-0de83da1ce75,4c0852ff-09bd-40c8-b203-07975b1dc48c,shared_interest,2025-08-21T01:06:52.316932
88d5c40e-3e96-4e48-a6e0-0de83da1ce75,4c17b6f5-d033-4b76-9cc2-77ac4c0f7b3c,shared_interest,2025-09-19T01:06:52.316932
88d5c40e-3e96-4e48-a6e0-0de83da1ce75,4d21ec4b-0bb8-44be-a19c-d34a81be0652,shared_interest,2025-11-11T01:06:52.316932
88d5c40e-3e96-4e48-a6e0-0de83da1ce75,4d919c3a-23e6-45f6-815d-d26df885ccba,shared_interest,2025-11-18T01:06:52.316932
02220334-d27f-4b3f-bef7-639443a58d57,31e370c8-575a-4472-8ae9-acdd5448da16,shared_interest,2025-08-06T01:06:52.357203
02220334-d27f-4b3f-bef7-639443a58d57,337f8e89-9e2f-4e33-913e-c7dfd29a83af,shared_interest,2025-08-21T01:06:52.357203
02220334-d27f-4b3f-bef7-639443a58d57,346f3c8d-4239-412f-9af9-841e0e8d0163,shared_interest,2025-11-26T01:06:52.357203
02220334-d27f-4b3f-bef7-639443a58d57,34f80897-2080-46d9-a7a3-2bcdcaa37d89,shared_interest,2025-10-16T01:06:52.357203
02220334-d27f-4b3f-bef7-639443a58d57,3561aa9d-9ade-4191-a00e-bebed2de42c2,shared_interest,2025-09-19T01:06:52.357203
02220334-d27f-4b3f-bef7-639443a58d57,36255b3c-eb24-4b63-94d4-aae23cc85c18,shared_interest,2025-09-07T01:06:52.357203
02220334-d27f-4b3f-bef7-639443a58d57,388b3e25-9421-4fe7-8eb2-8b2025274a39,shared_interest,2025-06-27T01:06:52.357203
02220334-d27f-4b3f-bef7-639443a58d57,39c0f010-b8fb-491a-85db-78182780d6dc,shared_interest,2025-07-01T01:06:52.357203
02220334-d27f-4b3f-bef7-639443a58d57,3a3161bc-78a1-4bfa-82ed-34c800775282,shared_interest,2025-08-03T01:06:52.357203
02220334-d27f-4b3f-bef7-639443a58d57,3a5943b0-df83-430f-a8eb-0bf14a45091d,shared_interest,2025-11-12T01:06:52.357203
02220334-d27f-4b3f-bef7-639443a58d57,3b7e1004-06b8-4423-88ba-a8c4341f5524,shared_interest,2025-08-17T01:06:52.357203
02220334-d27f-4b3f-bef7-639443a58d57,3b9b6e7e-a8ef-442f-8227-01a97533d69e,shared_interest,2025-09-05T01:06:52.357203
02220334-d27f-4b3f-bef7-639443a58d57,3bc42d1e-d7a7-467b-9657-4ba80a9435c8,shared_interest,2025-09-15T01:06:52.357203
02220334-d27f-4b3f-bef7-639443a58d57,3bdb787b-d329-4051-a192-7c90efc4c677,shared_interest,2025-06-29T01:06:52.357203
02220334-d27f-4b3f-bef7-639443a58d57,3be3383b-990e-4677-bfa5-dab91f017c7a,shared_interest,2025-08-03T01:06:52.357203
02220334-d27f-4b3f-bef7-639443a58d57,3bf4f128-796c-4fd0-a2e7-42d0dbbef475,shared_interest,2025-09-25T01:06:52.357203
02220334-d27f-4b3f-bef7-639443a58d57,3c1107e2-8968-4862-a6c5-1426fb0691f7,shared_interest,2025-08-25T01:06:52.357203
02220334-d27f-4b3f-bef7-639443a58d57,3d3e3a5c-ef36-476c-b31f-2c0a899f79e5,shared_interest,2025-08-23T01:06:52.357203
02220334-d27f-4b3f-bef7-639443a58d57,3e876e2b-9513-4b74-8615-66ea985d7cf2,shared_interest,2025-08-23T01:06:52.357203
02220334-d27f-4b3f-bef7-639443a58d57,3e9c455c-f1f9-4bbe-81f9-52e9d0b5112b,shared_interest,2025-10-26T01:06:52.357203
02220334-d27f-4b3f-bef7-639443a58d57,3fafb65b-27ce-4d14-b3fb-09ef4a60362d,shared_interest,2025-08-12T01:06:52.357203
02220334-d27f-4b3f-bef7-639443a58d57,3fd5da33-92af-46c6-a4e8-4d9b76079863,shared_interest,2025-07-02T01:06:52.357203
02220334-d27f-4b3f-bef7-639443a58d57,40f3d0c3-5b73-4bcd-b970-51ce1faf3ce6,shared_interest,2025-09-02T01:06:52.357203
02220334-d27f-4b3f-bef7-639443a58d57,41830018-d25d-4ce6-ad73-778e0f7ff546,shared_interest,2025-08-28T01:06:52.357203
02220334-d27f-4b3f-bef7-639443a58d57,424dc1e0-1974-4a40-a055-6b375ee686bb,shared_interest,2025-11-23T01:06:52.357203
02220334-d27f-4b3f-bef7-639443a58d57,42b9a85e-17a1-480a-9821-6ab8f0d9ee99,shared_interest,2025-10-19T01:06:52.357203
02220334-d27f-4b3f-bef7-639443a58d57,43197b74-baa5-473d-ae37-1b3c64e566c0,shared_interest,2025-07-22T01:06:52.357203
02220334-d27f-4b3f-bef7-639443a58d57,44495928-0d83-48e2-813b-4e2fa675e710,shared_interest,2025-10-13T01:06:52.357203
02220334-d27f-4b3f-bef7-639443a58d57,450d44bc-f85c-49e9-8dbe-b45cc228af5e,shared_interest,2025-08-31T01:06:52.357203
02220334-d27f-4b3f-bef7-639443a58d57,450e5816-4a0c-49b2-a8d5-ffeabe1ac073,shared_interest,2025-09-13T01:06:52.357203
02220334-d27f-4b3f-bef7-639443a58d57,455148b5-f388-484c-9b96-4319bd188557,shared_interest,2025-10-11T01:06:52.357203
02220334-d27f-4b3f-bef7-639443a58d57,45b9d21a-2d20-4201-a60c-35a3f671b90a,shared_interest,2025-07-02T01:06:52.357203
02220334-d27f-4b3f-bef7-639443a58d57,45fca87a-fc6a-4dc7-bc8c-3a24cfc9df1b,shared_interest,2025-11-02T01:06:52.357203
02220334-d27f-4b3f-bef7-639443a58d57,45fd584e-e2c8-4652-84ab-151e4474c652,shared_interest,2025-10-11T01:06:52.357203
02220334-d27f-4b3f-bef7-639443a58d57,4685f91f-2cf3-4204-aa37-53b49d682248,shared_interest,2025-11-07T01:06:52.357203
02220334-d27f-4b3f-bef7-639443a58d57,46c39309-6492-4202-b934-a866f492cd73,shared_interest,2025-06-15T01:06:52.357203
02220334-d27f-4b3f-bef7-639443a58d57,478b87ed-bc00-4481-8e46-496740317174,shared_interest,2025-10-28T01:06:52.357203
02220334-d27f-4b3f-bef7-639443a58d57,479c6b6f-0d0d-46c7-9622-128775c0791a,shared_interest,2025-08-10T01:06:52.357203
02220334-d27f-4b3f-bef7-639443a58d57,47a7e962-13a2-4bdc-b635-9248039535ee,shared_interest,2025-08-08T01:06:52.357203
