link_id,influencer_id,donor_id,relationship_type,linked_at
d2c8879a-dd3f-4f6d-b056-96ead85933ba,ecd9df79-22a9-416c-a3b7-5a207ccb2e4f,cb100999-f86f-44b6-96e5-b74ecae88737,Event Attendee Link,2025-08-30T02:52:35.487569
ed764d33-85ce-4663-a440-09775eccb90b,ecd9df79-22a9-416c-a3b7-5a207ccb2e4f,b8f32d65-6eec-48b2-ab12-70dba39c32a4,Event Attendee Link,2025-08-30T02:52:35.487569
783b6553-04b2-4139-8de7-e09d0caa4ea8,ecd9df79-22a9-416c-a3b7-5a207ccb2e4f,2cab6e9a-02ff-4c51-b54c-c8f16f6bf888,Mentor/Mentee,2025-08-30T02:52:35.487569
d0591690-1e08-4663-b3e8-abe38a935489,ecd9df79-22a9-416c-a3b7-5a207ccb2e4f,19e8ff80-c4dc-4bbc-a310-a044cc15730c,Mentor/Mentee,2025-08-30T02:52:35.489720
38b443c0-0bec-4da1-86cc-2537370f26db,ecd9df79-22a9-416c-a3b7-5a207ccb2e4f,fc2976d6-4ed8-4f3c-973f-ca00b2794b52,Family - first level,2025-08-30T02:52:35.489720
06babcf5-5109-479d-95a1-b36522d618fb,ecd9df79-22a9-416c-a3b7-5a207ccb2e4f,26882ccb-bb29-4670-87f3-12afbd161d8a,Family - first level,2025-08-30T02:52:35.489720
364a7a50-a5ff-468d-a398-b1ff323a8193,ecd9df79-22a9-416c-a3b7-5a207ccb2e4f,2b811bef-5500-47a3-8959-7d87242bcbaf,Mentor/Mentee,2025-08-30T02:52:35.489720
95a240cc-d64a-4be1-bcad-40a1534f12c9,ecd9df79-22a9-416c-a3b7-5a207ccb2e4f,77d08491-a608-4a20-b1a5-41170b28e51b,Family - first level,2025-08-30T02:52:35.489720
da36f969-c675-4912-a915-eba21092260c,ecd9df79-22a9-416c-a3b7-5a207ccb2e4f,69828d9a-23e8-42d7-9a07-91a38504aa02,Social Media Follower,2025-08-30T02:52:35.489720
5ffa0b58-f3d5-450f-915e-a57b896b6f03,2cdfec1d-2f33-47cf-a81f-7442578c17b8,93ace85f-3e3a-4534-a611-970a3f707ced,Event Attendee Link,2025-08-30T02:52:35.489720
e2deee04-42b6-436f-8505-015e4abce6e4,2cdfec1d-2f33-47cf-a81f-7442578c17b8,771dc2ea-86d9-4c6a-852f-f6757880da11,Family - first level,2025-08-30T02:52:35.489720
784cc7b8-64ee-48b2-9ff2-382d657d36e4,2cdfec1d-2f33-47cf-a81f-7442578c17b8,e58910f5-4b38-475b-b689-ae7b3bab459f,Social Media Follower,2025-08-30T02:52:35.491526
0a38f25d-512b-4236-b8f2-d075bf034527,2cdfec1d-2f33-47cf-a81f-7442578c17b8,c382a45a-acd9-497d-bfe5-1d12336590c8,Social Media Follower,2025-08-30T02:52:35.491526
0988d855-c8ea-40f7-9491-6eda5013da59,2cdfec1d-2f33-47cf-a81f-7442578c17b8,30a57139-8c8a-4cb7-b9da-26a48fbc8ab1,Friend/Colleague,2025-08-30T02:52:35.491526
1e6c17d2-39c6-41b3-8817-fc33c6ac0e85,2cdfec1d-2f33-47cf-a81f-7442578c17b8,a91c7a41-981c-4ee3-ac0f-45a5e6740ed1,Event Attendee Link,2025-08-30T02:52:35.491526
3ecd9900-bfca-47ae-b8a2-cf05041168d5,2cdfec1d-2f33-47cf-a81f-7442578c17b8,bacc2424-397d-47c9-a3b7-8fae7a132895,Friend/Colleague,2025-08-30T02:52:35.491526
5ed36821-54ab-4c8d-9486-ceeccc85c403,2cdfec1d-2f33-47cf-a81f-7442578c17b8,e6fb5a7b-29d1-4c42-9116-9d7e3903ff1a,Friend/Colleague,2025-08-30T02:52:35.491526
df29690d-fbe5-4ccf-a4f7-f060afd074dd,2cdfec1d-2f33-47cf-a81f-7442578c17b8,ab328f1e-368e-4106-a169-fc18d8930ed2,Mentor/Mentee,2025-08-30T02:52:35.491526
41b83f4f-3ad5-4e3a-a939-bb5a4d03ff69,2cdfec1d-2f33-47cf-a81f-7442578c17b8,4d21c025-7c10-489c-b83e-85d1c3bb8c66,Social Media Follower,2025-08-30T02:52:35.491526
defddd79-0214-4ee3-a854-468f4bacfdb9,2cdfec1d-2f33-47cf-a81f-7442578c17b8,8a25dcc9-325b-4a95-951a-8ea653808be2,Friend/Colleague,2025-08-30T02:52:35.491526
a9aa1972-1ad1-4253-998c-1e87f04d3952,2cdfec1d-2f33-47cf-a81f-7442578c17b8,4e2a50dd-c749-43be-b1a4-975c0338074d,Mentor/Mentee,2025-08-30T02:52:35.491526
8bee4a55-5120-4248-bbb8-ff9ad9b8c1aa,2cdfec1d-2f33-47cf-a81f-7442578c17b8,01e97589-44e7-44d2-83ec-f215c6058414,Event Attendee Link,2025-08-30T02:52:35.491526
00624627-d4e7-4436-b289-4910ddaf5599,2cdfec1d-2f33-47cf-a81f-7442578c17b8,00b2744b-14d6-43a5-885d-232b3e4b7b0a,Friend/Colleague,2025-08-30T02:52:35.491526
98c24b2f-e4b2-4774-bdce-32a6246e1376,2cdfec1d-2f33-47cf-a81f-7442578c17b8,ec8989d6-3321-4872-b430-86054b1d6ff2,Social Media Follower,2025-08-30T02:52:35.491526
7d51aca0-514f-44bc-957c-b7d3cc8862bf,ab8efba9-e14f-47af-aee3-9c033bd5f70e,57d12c08-e268-4923-a4d0-34d5939a18e0,Event Attendee Link,2025-08-30T02:52:35.491526
3146882a-2a92-447a-9d43-205f54c5030a,ab8efba9-e14f-47af-aee3-9c033bd5f70e,190e60fa-50fd-4237-b948-cfb1bef2bf26,Friend/Colleague,2025-08-30T02:52:35.491526
54aeef5b-5723-4ad3-9f72-84d98a1e54c5,ab8efba9-e14f-47af-aee3-9c033bd5f70e,2b811bef-5500-47a3-8959-7d87242bcbaf,Social Media Follower,2025-08-30T02:52:35.491526
42a05402-3036-4686-b487-160d746f5fff,ab8efba9-e14f-47af-aee3-9c033bd5f70e,3fa705aa-f883-4f7d-9e6b-9076be84ce43,Event Attendee Link,2025-08-30T02:52:35.493534
ad5c3c23-3460-472c-b23e-7f9e5416a0e9,ab8efba9-e14f-47af-aee3-9c033bd5f70e,e549621f-3d78-41a6-b788-2cc4e3e2b0ca,Friend/Colleague,2025-08-30T02:52:35.493534
4657866a-7acf-4cae-9dd6-70c4fd1545ce,ab8efba9-e14f-47af-aee3-9c033bd5f70e,e0292b72-2c00-419f-bfce-b6d0eef2f703,Mentor/Mentee,2025-08-30T02:52:35.493534
a0d6e324-5966-43d4-ac4a-7de3a8bad4ce,ab8efba9-e14f-47af-aee3-9c033bd5f70e,23c106b5-143d-4c2c-ba9c-bb4614f0e31b,Family - first level,2025-08-30T02:52:35.493534
950161ee-de32-4fb9-a277-9a15ae219ddb,ab8efba9-e14f-47af-aee3-9c033bd5f70e,f4a0c584-4f58-4b80-ac4d-0821e3acd404,Friend/Colleague,2025-08-30T02:52:35.493534
c14fcaf1-dde5-46f6-bc2d-dcf4e6f49ac0,ab8efba9-e14f-47af-aee3-9c033bd5f70e,c7801749-d138-40e7-8599-d921fb78655e,Friend/Colleague,2025-08-30T02:52:35.493534
31eba42b-e161-403d-978b-ad91ec97d823,ab8efba9-e14f-47af-aee3-9c033bd5f70e,74a5b0af-0c1c-49b2-827c-33b0388858b1,Mentor/Mentee,2025-08-30T02:52:35.493534
4a2859b8-2430-4004-94e0-f7058693f2fe,ab8efba9-e14f-47af-aee3-9c033bd5f70e,3a5943b0-df83-430f-a8eb-0bf14a45091d,Social Media Follower,2025-08-30T02:52:35.493534
cbf3c6ed-0ede-4a96-8847-17ee60a590c9,ab8efba9-e14f-47af-aee3-9c033bd5f70e,ac7322df-4b47-4af3-ab37-7b304310ab48,Family - first level,2025-08-30T02:52:35.493534
bf2f88ea-5c25-4a8a-a4f8-fde5485e5d7d,ab8efba9-e14f-47af-aee3-9c033bd5f70e,11733031-a8ef-4abe-ba8c-03b6ff81532e,Friend/Colleague,2025-08-30T02:52:35.493534
4dc620c7-036d-4734-aae7-427a3126d800,724b0662-be32-4adf-b63e-6d0a69fa3e3b,2e030788-2d79-49f3-a6bc-87b3bade8bee,Friend/Colleague,2025-08-30T02:52:35.493534
bd76947a-f5a0-4adc-bebe-8ab1c1be1b4a,724b0662-be32-4adf-b63e-6d0a69fa3e3b,721d044b-385b-4fd3-badb-14b4d016aaf9,Social Media Follower,2025-08-30T02:52:35.493534
fc569e4d-9a82-4d34-8cde-5f2fa5a2f93f,724b0662-be32-4adf-b63e-6d0a69fa3e3b,4b5f52f1-9647-4b96-89ac-08676aab1999,Mentor/Mentee,2025-08-30T02:52:35.493534
38483796-5ab4-459f-b88c-93ec2f43b023,724b0662-be32-4adf-b63e-6d0a69fa3e3b,7ba1befc-e4d6-4cc9-ba5a-178a50afefd6,Friend/Colleague,2025-08-30T02:52:35.493534
eac6b1f1-2650-488b-bc63-cecd923c422c,724b0662-be32-4adf-b63e-6d0a69fa3e3b,f32a9ed9-4aee-4f0a-a797-f9d7df2ad6a6,Mentor/Mentee,2025-08-30T02:52:35.495543
27875ddf-8920-4c92-bb8a-f8d1d9ffd012,724b0662-be32-4adf-b63e-6d0a69fa3e3b,006ced9f-89da-468a-9c8c-1a0ef98e8cd5,Friend/Colleague,2025-08-30T02:52:35.495543
5d8f54c6-db16-4395-b7a9-201d9f046c74,724b0662-be32-4adf-b63e-6d0a69fa3e3b,0b6d4819-16a3-4136-83ff-aaf69b07ee68,Mentor/Mentee,2025-08-30T02:52:35.495543
156e7748-771d-459b-9158-763042ad1490,724b0662-be32-4adf-b63e-6d0a69fa3e3b,17fba6ec-64f9-45e9-a1a2-c1d09b9cf99d,Friend/Colleague,2025-08-30T02:52:35.495543
1f59834f-1855-4d4e-bb1f-0d421206e229,724b0662-be32-4adf-b63e-6d0a69fa3e3b,b3201ffc-d21a-47a4-bec2-8c0ee8e4380c,Event Attendee Link,2025-08-30T02:52:35.495543
de3d2cc0-e8c9-4703-b4ce-51d9f947ced6,724b0662-be32-4adf-b63e-6d0a69fa3e3b,3c1107e2-8968-4862-a6c5-1426fb0691f7,Family - first level,2025-08-30T02:52:35.495543
5eb8d1c0-93e7-4075-9396-3a0c0c0bf1db,724b0662-be32-4adf-b63e-6d0a69fa3e3b,72d55689-400b-4576-9815-44f78a139166,Event Attendee Link,2025-08-30T02:52:35.495543
6740a644-c93a-4c27-8bd0-2fa35a4b2508,a6003879-edaa-4a4e-a79a-d8e478a6aec0,e7dd93c2-d6df-4bb8-8e58-f6586f426d9c,Mentor/Mentee,2025-08-30T02:52:35.495543
bfbde995-efd2-4073-a0ac-5b17fc2fb739,a6003879-edaa-4a4e-a79a-d8e478a6aec0,60ad3b01-6542-4e4e-b715-36d7cc9539ae,Friend/Colleague,2025-08-30T02:52:35.495543
95541524-c751-4c65-9a49-e2e1ceb112cc,a6003879-edaa-4a4e-a79a-d8e478a6aec0,60a9a331-4869-41b3-860a-e5a9a0518f55,Mentor/Mentee,2025-08-30T02:52:35.495543
82cf9054-0165-48c3-aa9e-101a9cd89f67,a6003879-edaa-4a4e-a79a-d8e478a6aec0,9121bd2b-1d91-47df-9e61-d42d3589f7e3,Social Media Follower,2025-08-30T02:52:35.495543
b970efc8-4d4c-444b-b816-1c0d55a53a52,a6003879-edaa-4a4e-a79a-d8e478a6aec0,082ff939-d3a4-4410-b531-56ee76bdf63c,Event Attendee Link,2025-08-30T02:52:35.495543
b15bde25-01ec-4293-8da0-7b9747c66af4,a6003879-edaa-4a4e-a79a-d8e478a6aec0,a1ec5cf6-d265-41b3-a4d6-13a49c0a8f51,Mentor/Mentee,2025-08-30T02:52:35.495543
04e4a8d9-3d1d-4213-992e-bfeb347e8a9c,a6003879-edaa-4a4e-a79a-d8e478a6aec0,95688b04-5fd5-4d61-a2bd-01918914565d,Family - first level,2025-08-30T02:52:35.495543
421ba38a-ab66-4571-bbca-0288d5db4ccb,a6003879-edaa-4a4e-a79a-d8e478a6aec0,e917b350-36ea-4995-aab6-a3f6f33b1a5a,Friend/Colleague,2025-08-30T02:52:35.495543
1a4d0332-bdcb-4286-ae9b-69c6ae99ba21,a467aa3c-59c5-461d-aee5-2ca6e11a8e3d,65dfd72c-113b-42d6-90f1-7f0b1099949f,Event Attendee Link,2025-08-30T02:52:35.497554
49f2d261-6d23-461d-970a-35d7277e2d04,a467aa3c-59c5-461d-aee5-2ca6e11a8e3d,971f6cdc-22fa-4964-8bc9-4648dc7824f4,Event Attendee Link,2025-08-30T02:52:35.497554
8adeba60-559d-470f-a46c-cda243f1ba99,a467aa3c-59c5-461d-aee5-2ca6e11a8e3d,15ff619f-592e-4d64-b017-3ac3a7366f4d,Event Attendee Link,2025-08-30T02:52:35.497554
b14b9257-8c3a-46f0-a7fe-376c60e0b4ad,a467aa3c-59c5-461d-aee5-2ca6e11a8e3d,0c5539c4-61cd-4fb9-bd5e-e210e9e41af6,Mentor/Mentee,2025-08-30T02:52:35.497554
1b7293e9-4bdc-491f-a943-064024a4056b,a467aa3c-59c5-461d-aee5-2ca6e11a8e3d,168d4986-f441-48f6-ab17-8d02e91a06ae,Social Media Follower,2025-08-30T02:52:35.497554
038762e9-e1a3-40d1-94fb-30d1e024a31c,a467aa3c-59c5-461d-aee5-2ca6e11a8e3d,90c9c816-8ab2-4dce-82bd-ba5f6f06bede,Family - first level,2025-08-30T02:52:35.497554
71f40c6b-d27c-4b0e-90ad-893408bdf4c3,a467aa3c-59c5-461d-aee5-2ca6e11a8e3d,3a9f0539-da30-4630-8247-b158b442c57f,Social Media Follower,2025-08-30T02:52:35.497554
62b4e7a9-b94c-4e8f-8947-d23abcead9a5,a467aa3c-59c5-461d-aee5-2ca6e11a8e3d,e9646556-1728-4b6b-aeb9-4174c9fea8c2,Mentor/Mentee,2025-08-30T02:52:35.497554
250d011f-e266-4372-9f6e-cca0667db6a6,a467aa3c-59c5-461d-aee5-2ca6e11a8e3d,8c3e0e24-4116-4ce4-8ddc-6152baa5db40,Event Attendee Link,2025-08-30T02:52:35.497554
5b9fb0da-f2e0-42b4-9faa-bb9af38861dd,a467aa3c-59c5-461d-aee5-2ca6e11a8e3d,1c54f805-5784-4ff7-84d8-51797d64d76a,Social Media Follower,2025-08-30T02:52:35.497554
6a0e138b-21b1-4d49-a74c-16160855843f,a467aa3c-59c5-461d-aee5-2ca6e11a8e3d,12b56280-ef2d-4753-807c-a9f958c77a2a,Family - first level,2025-08-30T02:52:35.497554
0e3ab579-7315-4ca3-b964-e99ada50f5d0,7667da40-5c39-41f1-9697-07b379e1a049,da9523ff-526f-4e90-8a64-6e5460ed446f,Friend/Colleague,2025-08-30T02:52:35.497554
eff6798c-8ad2-4799-8390-287ccb4ddaa7,7667da40-5c39-41f1-9697-07b379e1a049,8de4d78c-0be0-4f3d-992b-cb843c0791a3,Social Media Follower,2025-08-30T02:52:35.497554
44b07c20-8319-4847-8615-8963b4f13751,7667da40-5c39-41f1-9697-07b379e1a049,19b745bf-28a5-48a4-bc1c-91ec64bd8427,Mentor/Mentee,2025-08-30T02:52:35.497554
3e586858-d6ac-4e90-965c-67b5c317e284,7667da40-5c39-41f1-9697-07b379e1a049,0611d350-4243-461b-ae77-857e2cf5e39e,Friend/Colleague,2025-08-30T02:52:35.499561
f90fe7b8-2a9e-4894-9ddf-7247df0f32ff,7667da40-5c39-41f1-9697-07b379e1a049,c4495c78-e487-465d-aa86-f3e6036910e3,Mentor/Mentee,2025-08-30T02:52:35.499561
e9095810-f132-4622-b640-c5ae1681861f,7667da40-5c39-41f1-9697-07b379e1a049,4406f8c8-b5a1-475d-a01d-eff07eefcede,Event Attendee Link,2025-08-30T02:52:35.499561
2ad6c819-b0ab-4123-8354-280c0a40ae0a,7667da40-5c39-41f1-9697-07b379e1a049,5267a01b-6aba-4397-8563-240b76eea5ff,Social Media Follower,2025-08-30T02:52:35.499561
d260c187-2102-4b17-8907-9cb48352f5d7,de37fe36-8637-4173-825e-fc983a0d1dc2,5842e994-9a95-4b66-94e1-02fac0214bfa,Event Attendee Link,2025-08-30T02:52:35.499561
bdccab7f-50f5-4f14-a442-395f47db6994,de37fe36-8637-4173-825e-fc983a0d1dc2,07ba2820-2d0b-411c-9bc8-b02a8f3cbbf5,Event Attendee Link,2025-08-30T02:52:35.499561
6c56d699-0314-4343-9993-377b2695b052,de37fe36-8637-4173-825e-fc983a0d1dc2,a92ecca8-4b68-486a-8c7a-00003753544f,Friend/Colleague,2025-08-30T02:52:35.499561
34eaf59f-1e3b-47d3-83ae-63445784b9e3,de37fe36-8637-4173-825e-fc983a0d1dc2,29f0b517-7c10-4698-87ad-1881dc20ea1a,Friend/Colleague,2025-08-30T02:52:35.499561
bce108ef-c675-4e5c-9ef8-acaf21c1d514,de37fe36-8637-4173-825e-fc983a0d1dc2,ce913d74-b744-413c-8832-facbab62256c,Social Media Follower,2025-08-30T02:52:35.499561
7f4677ac-8f33-4777-b5d3-2c6137ed31ed,de37fe36-8637-4173-825e-fc983a0d1dc2,72d55689-400b-4576-9815-44f78a139166,Friend/Colleague,2025-08-30T02:52:35.499561
93249a9d-b3b8-46cc-b676-a0537251eb28,de37fe36-8637-4173-825e-fc983a0d1dc2,4b875652-f918-4bbd-bec4-ffe31a64c5f5,Social Media Follower,2025-08-30T02:52:35.499561
288542e7-46e9-45ff-a35d-2ac202af32ca,de37fe36-8637-4173-825e-fc983a0d1dc2,519e1b05-166c-488f-a7e7-577222cce099,Friend/Colleague,2025-08-30T02:52:35.499561
0599bbcd-0c2a-4fe2-81d3-4dc1976ba2ce,de37fe36-8637-4173-825e-fc983a0d1dc2,244b376a-ed74-4dcc-85c1-f0a1a26a19ef,Social Media Follower,2025-08-30T02:52:35.499561
6e9ce3cc-e51a-4282-a574-5bf8f6e1053c,de37fe36-8637-4173-825e-fc983a0d1dc2,3de548e3-801c-41d6-b0b8-28e8389795f1,Friend/Colleague,2025-08-30T02:52:35.499561
9a2ac81a-668a-4c45-9bf1-42adc853aec7,de37fe36-8637-4173-825e-fc983a0d1dc2,0c1def4f-0e4a-4e55-9f28-1d92864f3588,Family - first level,2025-08-30T02:52:35.499561
35822d8b-27c3-4b6f-b7b9-ccb73db34d0f,de37fe36-8637-4173-825e-fc983a0d1dc2,cf57dc6c-144c-4186-9239-234b73974baa,Social Media Follower,2025-08-30T02:52:35.501309
3caeb601-7028-4049-82b6-def7872d71b1,de37fe36-8637-4173-825e-fc983a0d1dc2,81853109-44b3-46e7-915b-933e9b7f39ea,Family - first level,2025-08-30T02:52:35.501309
2c3f788b-10e8-4806-af11-14de21dbe05f,de37fe36-8637-4173-825e-fc983a0d1dc2,c07b6f10-0a74-4c9e-bb28-a0a69f8bd1d1,Family - first level,2025-08-30T02:52:35.501309
334b67da-9679-42f7-85a7-7616bb0cabe8,07c08a95-b20e-4c0c-a920-c478180d67f3,decece81-bba0-4910-a795-e6cad31e6d8d,Event Attendee Link,2025-08-30T02:52:35.502435
9798ec83-d4a6-42a7-8c6b-0c7b119cf5a9,07c08a95-b20e-4c0c-a920-c478180d67f3,756e8866-cb0a-44a8-81bc-f9ed445d29f2,Friend/Colleague,2025-08-30T02:52:35.502435
c5042543-bb30-4da8-8877-8e599ab989e9,07c08a95-b20e-4c0c-a920-c478180d67f3,3be3383b-990e-4677-bfa5-dab91f017c7a,Friend/Colleague,2025-08-30T02:52:35.502435
a0b29e19-3ab6-4db6-b08f-496cae33ee1b,07c08a95-b20e-4c0c-a920-c478180d67f3,6a0680e3-a6e3-4b17-a2ef-201959e1d4ef,Social Media Follower,2025-08-30T02:52:35.502435
d91a95d5-db66-4e77-8c62-c65031d25ab6,07c08a95-b20e-4c0c-a920-c478180d67f3,4925adfe-cb8c-402c-a7c6-f57bea9ef339,Social Media Follower,2025-08-30T02:52:35.502435
72efc60e-90a1-4f03-a3fb-74f3d2de3f4c,07c08a95-b20e-4c0c-a920-c478180d67f3,23c49ed9-6c02-4526-bb5e-54d846a04d6c,Family - first level,2025-08-30T02:52:35.503463
53d7a88e-d792-4497-a02d-baa86825197f,07c08a95-b20e-4c0c-a920-c478180d67f3,33e3f4ab-0c63-403a-baaf-0c8560e7ce11,Event Attendee Link,2025-08-30T02:52:35.503463
5989a603-f769-4074-ba65-ad72950f543a,07c08a95-b20e-4c0c-a920-c478180d67f3,40f3d0c3-5b73-4bcd-b970-51ce1faf3ce6,Friend/Colleague,2025-08-30T02:52:35.503463
f5914f51-a3cf-497d-a328-24b74628efc4,07c08a95-b20e-4c0c-a920-c478180d67f3,a1324167-56ea-41a4-9a19-053bdb057d12,Friend/Colleague,2025-08-30T02:52:35.503463
eb8e0fc0-aaa1-44db-8de8-20f5203239e0,07c08a95-b20e-4c0c-a920-c478180d67f3,7327de32-1fb3-477b-867b-85df579bdb79,Family - first level,2025-08-30T02:52:35.503463
2b66ae21-7807-498e-a630-849e494d51af,07c08a95-b20e-4c0c-a920-c478180d67f3,b5cfafa5-38c0-4f07-b3dc-aaf4ed3898ba,Event Attendee Link,2025-08-30T02:52:35.504667
147cbff8-64ec-49cb-9130-adaf264bcfd7,aaaa5064-6b5a-48c5-92d6-420bb08ed13b,b628f240-343f-4e34-9325-ec2a8f356a05,Family - first level,2025-08-30T02:52:35.505691
fd274673-b720-4f1f-a496-c916fedee888,aaaa5064-6b5a-48c5-92d6-420bb08ed13b,1cefe0d9-ca0e-4a94-8a43-d6c097b1ee8b,Event Attendee Link,2025-08-30T02:52:35.505691
d26de031-89a8-4603-8f7f-86db7bec353e,aaaa5064-6b5a-48c5-92d6-420bb08ed13b,b8180c74-b691-4da9-9b25-48b3bc0ca0c3,Mentor/Mentee,2025-08-30T02:52:35.505691
fda2edff-3aff-4537-8747-bdfb39384f66,aaaa5064-6b5a-48c5-92d6-420bb08ed13b,2df1fde1-8e0b-40d7-911a-5f2703edbd07,Event Attendee Link,2025-08-30T02:52:35.505691
38144473-ec28-4e99-85f0-53b3b95fe695,aaaa5064-6b5a-48c5-92d6-420bb08ed13b,c8cff5a9-b882-4a19-8f8b-aadf5286496b,Family - first level,2025-08-30T02:52:35.505691
80b7d49a-4236-4610-83c9-2671da8d47c1,067c7536-bbb2-4aa7-9b5f-7d50dc620a50,b3201ffc-d21a-47a4-bec2-8c0ee8e4380c,Family - first level,2025-08-30T02:52:35.505691
4c738e78-5d72-4d5a-b02b-cac56082f9b0,067c7536-bbb2-4aa7-9b5f-7d50dc620a50,31e370c8-575a-4472-8ae9-acdd5448da16,Event Attendee Link,2025-08-30T02:52:35.507577
0b7a4d19-c9b0-476b-b18d-4dcc5390e7a0,067c7536-bbb2-4aa7-9b5f-7d50dc620a50,a122f941-ba43-40a5-a1fe-28bb00938fc5,Social Media Follower,2025-08-30T02:52:35.507577
51afb87e-b029-411c-83ac-1c4c0b14d14c,067c7536-bbb2-4aa7-9b5f-7d50dc620a50,8bb50e64-319d-4ba4-a083-1ab8ab321e1a,Family - first level,2025-08-30T02:52:35.507879
a9b26da0-8614-4411-8938-13ecd0a4769e,067c7536-bbb2-4aa7-9b5f-7d50dc620a50,f4b983ed-f7ef-4a0a-8806-85c22427952f,Family - first level,2025-08-30T02:52:35.507879
9da91df9-17b4-410d-864b-8dc46e51d3f6,067c7536-bbb2-4aa7-9b5f-7d50dc620a50,211c5f89-4b95-4b07-8f1b-1abfffbe992d,Mentor/Mentee,2025-08-30T02:52:35.507879
31310a61-ca9e-4e0c-bc92-be479ce5b39a,067c7536-bbb2-4aa7-9b5f-7d50dc620a50,731bd10c-0ea8-4d1b-8e1b-dc7d3a6aa4db,Social Media Follower,2025-08-30T02:52:35.507879
e551532d-ce9f-450b-9c18-2a0a5a56c168,067c7536-bbb2-4aa7-9b5f-7d50dc620a50,298b7709-cb1f-4587-bbf5-c3ff5b49d77e,Family - first level,2025-08-30T02:52:35.507879
a77be0fd-da03-48c5-853b-5942fe02d7ba,067c7536-bbb2-4aa7-9b5f-7d50dc620a50,37f5df2c-d9d7-45e5-9161-baa79b30784f,Friend/Colleague,2025-08-30T02:52:35.507879
5cc52160-69b3-4b7f-a224-802d5f29bf86,067c7536-bbb2-4aa7-9b5f-7d50dc620a50,e0b6c0d9-6993-43d2-b291-9d0a1bcc61e6,Family - first level,2025-08-30T02:52:35.507879
30517d96-5454-445d-b1cb-41f67560cfe6,067c7536-bbb2-4aa7-9b5f-7d50dc620a50,d366719b-120d-4a9b-8bd9-9f95a8bace87,Friend/Colleague,2025-08-30T02:52:35.507879
fbf62043-9a63-4cdc-92bf-86f0cbb5f9d6,067c7536-bbb2-4aa7-9b5f-7d50dc620a50,becaf540-6bd5-4392-8976-57e1ccc2a0d3,Event Attendee Link,2025-08-30T02:52:35.507879
24772fe6-be52-4516-98cf-c063209924bb,a6f4a572-2ef3-4c2e-aefc-30640121cb89,95688b04-5fd5-4d61-a2bd-01918914565d,Mentor/Mentee,2025-08-30T02:52:35.507879
0aa1574d-6087-43b7-9c16-22985a214da2,a6f4a572-2ef3-4c2e-aefc-30640121cb89,7ec1068d-cae3-42ef-9fb2-f48291f7eab0,Event Attendee Link,2025-08-30T02:52:35.507879
47e0bbdb-4ab1-4b26-a4b8-7145ce4d3b5e,a6f4a572-2ef3-4c2e-aefc-30640121cb89,037be562-0921-4828-a51c-e788ce5e37ff,Social Media Follower,2025-08-30T02:52:35.507879
7f39fbc6-718a-4ef6-b639-2b351992da31,a6f4a572-2ef3-4c2e-aefc-30640121cb89,4bfe2974-69e8-4c1a-a4f4-6c66839a1428,Event Attendee Link,2025-08-30T02:52:35.507879
7142753e-cbb7-4675-b3f7-7882727b3700,a6f4a572-2ef3-4c2e-aefc-30640121cb89,5e244042-2a1b-465a-9fda-40a65de7dc68,Social Media Follower,2025-08-30T02:52:35.507879
cd6a13ab-a10a-412e-af11-1ca3def4ddb4,a6f4a572-2ef3-4c2e-aefc-30640121cb89,871dba56-c9f0-49e0-a996-e23908c168ce,Event Attendee Link,2025-08-30T02:52:35.507879
41529e44-4329-4cef-b174-e3c585845dec,a6f4a572-2ef3-4c2e-aefc-30640121cb89,ba6b6ac4-c270-4f11-8f1e-68656367701d,Friend/Colleague,2025-08-30T02:52:35.507879
473d571a-4907-483d-bbb4-cce647af0443,a6f4a572-2ef3-4c2e-aefc-30640121cb89,e19b0f5b-b2a5-4fff-8062-41c8f44f4afa,Event Attendee Link,2025-08-30T02:52:35.507879
b74b47ab-bb1f-41f3-a930-dcb43a4b3d6b,a6f4a572-2ef3-4c2e-aefc-30640121cb89,345a89ca-23f3-45f4-9237-4d435135c6e2,Mentor/Mentee,2025-08-30T02:52:35.507879
6d863590-8408-47e8-adf2-5e3a6f974455,a6f4a572-2ef3-4c2e-aefc-30640121cb89,8b8d9716-7635-48b3-ad79-25f8dfee94eb,Mentor/Mentee,2025-08-30T02:52:35.507879
bc0a552a-4b72-4f9b-8663-9343653a4a98,a6f4a572-2ef3-4c2e-aefc-30640121cb89,1c54f805-5784-4ff7-84d8-51797d64d76a,Event Attendee Link,2025-08-30T02:52:35.507879
c7d39368-512b-4117-b7dc-bae83eb638bb,a6f4a572-2ef3-4c2e-aefc-30640121cb89,735c8f0a-f4c8-47b0-9554-5c4ea7ffe79f,Event Attendee Link,2025-08-30T02:52:35.507879
07db37fe-468b-4fdd-8aa1-80a8a8bb205f,a6f4a572-2ef3-4c2e-aefc-30640121cb89,004f1a5a-796e-4d24-92f5-663c0c7fb445,Family - first level,2025-08-30T02:52:35.507879
18553030-810e-4799-a01a-8de5cecabcfa,a6f4a572-2ef3-4c2e-aefc-30640121cb89,9fcc6925-2f88-4f02-858b-efc0744c183a,Event Attendee Link,2025-08-30T02:52:35.507879
63fbd610-2586-4b21-bc90-362d2cf2398a,a6f4a572-2ef3-4c2e-aefc-30640121cb89,af025a99-ec4c-489a-99c5-723840442c3f,Mentor/Mentee,2025-08-30T02:52:35.507879
f8ed7836-5eda-4c34-8364-bd7d5130860d,8f5ec432-5429-4c19-94de-b2319982c7d4,ccae97b6-bc2c-455e-9236-f902353fbf5b,Mentor/Mentee,2025-08-30T02:52:35.511214
2a447b4f-8779-4461-9a53-4f728d9e8596,8f5ec432-5429-4c19-94de-b2319982c7d4,38e7717f-b462-4b58-992c-79b4f8e78b1b,Social Media Follower,2025-08-30T02:52:35.513228
d95613c2-068c-4424-bab3-6f6e828726d6,8f5ec432-5429-4c19-94de-b2319982c7d4,4aaf9aec-b960-468e-b9cd-a94a2eaf6586,Mentor/Mentee,2025-08-30T02:52:35.513228
45c1ac35-c7be-4cbe-80ad-571b7d8a7454,8f5ec432-5429-4c19-94de-b2319982c7d4,23719638-0d53-4da6-817a-cf37034d97c1,Social Media Follower,2025-08-30T02:52:35.514111
c874195b-8b39-4450-b749-e118729a193c,8f5ec432-5429-4c19-94de-b2319982c7d4,a846c488-9a3f-4ca8-9cac-edde91bf1328,Family - first level,2025-08-30T02:52:35.514111
d5d48d4e-e1ea-4ce3-9a57-6cc8102f4651,8f5ec432-5429-4c19-94de-b2319982c7d4,a33a4941-cb8c-4b0c-93ee-08ed95ce6693,Friend/Colleague,2025-08-30T02:52:35.514111
3c4449dd-7bf1-4d37-9a39-430b86e2802b,8f5ec432-5429-4c19-94de-b2319982c7d4,b6c609a5-e107-43fe-ab6a-f1a0d922d3b8,Friend/Colleague,2025-08-30T02:52:35.514111
a94112d8-9be7-4186-b214-06c4a7ec70e6,8f5ec432-5429-4c19-94de-b2319982c7d4,604dc94b-2c0d-4310-a30b-26a06f8e7bab,Event Attendee Link,2025-08-30T02:52:35.514111
c166ef7a-521c-4ba9-9227-2031b07eea9b,8f5ec432-5429-4c19-94de-b2319982c7d4,6edc3769-e348-4edd-9443-f238212e2952,Social Media Follower,2025-08-30T02:52:35.514111
b8ac34eb-742d-4d7b-a94e-2b2ae9a4591f,8f5ec432-5429-4c19-94de-b2319982c7d4,932be56f-c6d8-4d25-ab52-cb1b1900fc55,Social Media Follower,2025-08-30T02:52:35.514111
5921c346-f532-4dcd-9ff9-ebd0161988a6,8f5ec432-5429-4c19-94de-b2319982c7d4,18817530-4407-4a92-bdcc-ede46d9ad1b7,Mentor/Mentee,2025-08-30T02:52:35.514111
5290cd69-b042-4c0b-8177-dd9ee85b982b,8f5ec432-5429-4c19-94de-b2319982c7d4,179a078c-de8f-423b-b2c5-127c5ddfaa57,Social Media Follower,2025-08-30T02:52:35.514111
06aa7580-aa02-4d2e-bf53-9303b6ba11e6,8f5ec432-5429-4c19-94de-b2319982c7d4,731bd10c-0ea8-4d1b-8e1b-dc7d3a6aa4db,Friend/Colleague,2025-08-30T02:52:35.514111
c227545b-39bc-4964-a23d-d6409914592f,8f5ec432-5429-4c19-94de-b2319982c7d4,6483b977-3196-4078-b5e0-d231fd771360,Social Media Follower,2025-08-30T02:52:35.514111
bed25c59-0fd1-4767-8e8b-5e1c29df2c8f,8f5ec432-5429-4c19-94de-b2319982c7d4,020e7cbc-2b2a-455f-8bfa-fa9e7156bc41,Event Attendee Link,2025-08-30T02:52:35.514111
0c50ff70-30a2-48cb-906e-c7b8e5a502a0,4801821c-e130-4bc3-849a-03fd628726c7,362c8150-992f-4e78-a826-c34be0b245a0,Mentor/Mentee,2025-08-30T02:52:35.514111
c2729867-3999-49ce-96a6-9a0a13470dbe,4801821c-e130-4bc3-849a-03fd628726c7,16e43025-10f1-42e6-9793-e0e2f333d79c,Mentor/Mentee,2025-08-30T02:52:35.514111
36248ce2-ce47-4e30-b001-d82eb0e53986,4801821c-e130-4bc3-849a-03fd628726c7,1c294395-ac18-4ca0-a216-b07355b3c514,Social Media Follower,2025-08-30T02:52:35.514111
858f5a4d-3101-4969-96ac-712be347dfae,4801821c-e130-4bc3-849a-03fd628726c7,eca83ec7-cad3-47c9-82a9-01dca8cc6cfe,Event Attendee Link,2025-08-30T02:52:35.514111
a4a76a0d-03f6-4832-91f6-159550d4e78a,4801821c-e130-4bc3-849a-03fd628726c7,d145de77-2ad2-4330-9b1e-aa31a47a4748,Family - first level,2025-08-30T02:52:35.514111
704d40f9-d9d4-42d8-8e2b-490da1e26034,4801821c-e130-4bc3-849a-03fd628726c7,c383ed1c-0bbe-4d78-a57d-caa21d3b1d16,Social Media Follower,2025-08-30T02:52:35.514111
a45b58fc-c130-4dc3-9748-d044d212f4fa,4801821c-e130-4bc3-849a-03fd628726c7,c898ae70-6be9-4afc-afa3-e68e05273a2b,Mentor/Mentee,2025-08-30T02:52:35.514111
2c381d95-97d2-46c3-81a0-13e9205d64e2,4801821c-e130-4bc3-849a-03fd628726c7,9663dbe4-4d93-4258-b8ea-4dbb6128053e,Family - first level,2025-08-30T02:52:35.514111
886834ff-c0a0-4ff3-914b-e7fbbc2c9ace,4801821c-e130-4bc3-849a-03fd628726c7,0f672771-5dcc-4a70-830c-1e9def14bb1a,Family - first level,2025-08-30T02:52:35.514111
d6527688-4742-46da-bc09-093bdf22cdbc,4801821c-e130-4bc3-849a-03fd628726c7,e1834296-55ee-4ca1-b52a-821fe749239c,Mentor/Mentee,2025-08-30T02:52:35.514111
728288f0-b74f-41f0-ada8-45ec50075e0c,2e9aba02-cb84-46f1-96fe-13d75bbc9f25,583ff1e7-c07b-44f2-acb5-d23266975d81,Family - first level,2025-08-30T02:52:35.514111
09bbe6a2-f1de-499a-8792-bd1ba3789795,2e9aba02-cb84-46f1-96fe-13d75bbc9f25,0b6d4819-16a3-4136-83ff-aaf69b07ee68,Mentor/Mentee,2025-08-30T02:52:35.514111
f719805b-a550-4d3f-a1ee-59cbd19c8bd2,2e9aba02-cb84-46f1-96fe-13d75bbc9f25,50d1b918-9726-4a31-ab09-5fb1ae33be84,Mentor/Mentee,2025-08-30T02:52:35.519596
c7892b8d-f9a7-4144-9b28-d781f9b36e70,2e9aba02-cb84-46f1-96fe-13d75bbc9f25,f052624c-43e0-4088-b84d-a3b7ec01dc54,Family - first level,2025-08-30T02:52:35.519596
42abc8e6-c3cc-46c1-9402-786177fdd7e8,2e9aba02-cb84-46f1-96fe-13d75bbc9f25,57b5fab1-297c-4b1d-82e1-a4750206a907,Social Media Follower,2025-08-30T02:52:35.519596
fbdc70a3-1fb1-426b-a79a-47de3b9b24b2,2e9aba02-cb84-46f1-96fe-13d75bbc9f25,02ab2c2c-de2d-43e0-9171-0a096c632b21,Friend/Colleague,2025-08-30T02:52:35.519596
fab5cca0-dd2b-4349-b0ea-814bc27a871f,2e9aba02-cb84-46f1-96fe-13d75bbc9f25,0b2d4489-0c42-4a0c-8861-a46c9a6a0555,Mentor/Mentee,2025-08-30T02:52:35.519596
65e0f864-0d1e-42db-aaa1-90964e23d929,2e9aba02-cb84-46f1-96fe-13d75bbc9f25,c11de772-c0c8-46b1-a39e-e8e0f8b7317a,Mentor/Mentee,2025-08-30T02:52:35.519596
42957b58-1e45-4ed8-a4cc-5f5bc9c464b3,2e9aba02-cb84-46f1-96fe-13d75bbc9f25,0611d350-4243-461b-ae77-857e2cf5e39e,Friend/Colleague,2025-08-30T02:52:35.519596
36b9d3d3-1b3b-4879-8cdb-2c9959f0fc68,2e9aba02-cb84-46f1-96fe-13d75bbc9f25,189d3a9d-4aef-43b3-b840-7e6f23e3cdd2,Mentor/Mentee,2025-08-30T02:52:35.519596
a7f58033-1c60-47a1-8c3c-41fdf47f8338,2e9aba02-cb84-46f1-96fe-13d75bbc9f25,01e97589-44e7-44d2-83ec-f215c6058414,Social Media Follower,2025-08-30T02:52:35.519596
f3e63dd4-d566-4f93-9b26-ee6b26d54242,2e9aba02-cb84-46f1-96fe-13d75bbc9f25,163372ae-8721-44dc-98f7-282564d8704a,Mentor/Mentee,2025-08-30T02:52:35.520979
fd3eaa05-c7d4-48e6-9600-460bdde249ca,2e9aba02-cb84-46f1-96fe-13d75bbc9f25,1689a59c-95b3-457e-90d1-b5c3e196a11b,Mentor/Mentee,2025-08-30T02:52:35.520979
f0231a46-4c48-49ec-b02c-aeaeb6b867eb,2e9aba02-cb84-46f1-96fe-13d75bbc9f25,8c652811-fed3-48d6-bd44-c11c55a83ffc,Family - first level,2025-08-30T02:52:35.520979
4b594dd7-7426-41ed-a6a9-637ccd6d0fe3,22bb84e2-4c41-4d0a-8bc6-421473b2fc6e,42695f54-7e3f-4b93-955a-e3a43ebf9573,Mentor/Mentee,2025-08-30T02:52:35.520979
3eab7be4-b17e-4fc6-b3ef-03e9d4fce472,22bb84e2-4c41-4d0a-8bc6-421473b2fc6e,34220f8f-3c17-45d1-8c72-88ae381a6de8,Mentor/Mentee,2025-08-30T02:52:35.520979
15db927b-d2c6-418d-a5a0-34ff54bdd780,22bb84e2-4c41-4d0a-8bc6-421473b2fc6e,6d9bd032-4e70-4427-ba2c-c04aa0c9dc58,Friend/Colleague,2025-08-30T02:52:35.520979
822f5f7a-d930-4bbb-b629-0cb3dec31543,22bb84e2-4c41-4d0a-8bc6-421473b2fc6e,2266a0ca-1d55-4af3-984c-297ada1ae07c,Family - first level,2025-08-30T02:52:35.520979
3528bcc2-11b2-419b-abd3-77c775da1fac,22bb84e2-4c41-4d0a-8bc6-421473b2fc6e,dd4dd762-8340-4723-aa99-89fbd89d0bcf,Social Media Follower,2025-08-30T02:52:35.520979
c59f52e5-dda5-47c1-b55f-c02d7fb33c12,22bb84e2-4c41-4d0a-8bc6-421473b2fc6e,e256ce94-293a-497b-8e0b-a702a89e44d0,Friend/Colleague,2025-08-30T02:52:35.520979
47a1c483-49f9-476b-8b88-6f369344a111,22bb84e2-4c41-4d0a-8bc6-421473b2fc6e,c3d56892-a1d8-4e7e-ac22-ac8753436dd4,Friend/Colleague,2025-08-30T02:52:35.520979
34e18f6e-0245-41d5-a4db-2cc3ec46728d,22bb84e2-4c41-4d0a-8bc6-421473b2fc6e,65192c5d-98ee-4529-b43a-2610de2a0b18,Social Media Follower,2025-08-30T02:52:35.520979
49006ae1-e430-42f2-beb9-afda35d4dc7f,22bb84e2-4c41-4d0a-8bc6-421473b2fc6e,eb7d240b-fcd8-4de1-9104-4505c85db54a,Event Attendee Link,2025-08-30T02:52:35.520979
bf4d78df-d871-4a65-be28-9c3f2d7a073b,22bb84e2-4c41-4d0a-8bc6-421473b2fc6e,b7cbc0b1-f884-468b-aae3-40a233a4b6a0,Event Attendee Link,2025-08-30T02:52:35.520979
4b17969d-5948-4a13-9b03-8e9a6eb1830d,22bb84e2-4c41-4d0a-8bc6-421473b2fc6e,d6015a2b-6ba5-46de-9db6-ce04ed5e9537,Social Media Follower,2025-08-30T02:52:35.520979
80dfb0f6-3481-4249-a963-0ca7a33c991c,22bb84e2-4c41-4d0a-8bc6-421473b2fc6e,d69b915f-fea8-448e-85f0-2786c483bff2,Mentor/Mentee,2025-08-30T02:52:35.520979
e55fb73d-e127-48de-a8cf-b65a09e4ed9a,5edf4a5d-2c85-49a9-bf47-c8ca7b680251,d0f5136a-0f40-414b-99a7-5f11b9abeb49,Event Attendee Link,2025-08-30T02:52:35.520979
f61b3933-902f-4b1c-9150-c9005f47a803,5edf4a5d-2c85-49a9-bf47-c8ca7b680251,b0c4ff7d-f7b3-40e0-8ced-779e378fd7f7,Event Attendee Link,2025-08-30T02:52:35.520979
650b8f68-68ef-4a1c-a67b-5166c1a72194,5edf4a5d-2c85-49a9-bf47-c8ca7b680251,b0bec2b5-c107-48ed-997e-9c82562e9075,Friend/Colleague,2025-08-30T02:52:35.520979
e863be9e-36da-435a-b942-ae74146a726a,5edf4a5d-2c85-49a9-bf47-c8ca7b680251,ebebbe6e-2fd4-4972-9d08-c0c387286725,Event Attendee Link,2025-08-30T02:52:35.520979
1af18928-b818-4f2a-a1c0-c2b08ebf8448,5edf4a5d-2c85-49a9-bf47-c8ca7b680251,25619f61-84e1-4542-a3b2-038b6431a49b,Mentor/Mentee,2025-08-30T02:52:35.520979
b889e30d-43c1-4e00-9895-f7f99e778b00,5edf4a5d-2c85-49a9-bf47-c8ca7b680251,94c97915-363d-4db2-8cf9-f7ed59047192,Social Media Follower,2025-08-30T02:52:35.520979
81405763-dc70-4c7c-9289-8f6b643d2d56,5edf4a5d-2c85-49a9-bf47-c8ca7b680251,cbc604d8-d1cd-414f-b43c-a207b27ba22c,Friend/Colleague,2025-08-30T02:52:35.520979
0c6bf6f9-591d-472e-82f7-5fcedeb882ea,5edf4a5d-2c85-49a9-bf47-c8ca7b680251,3708ef1e-550c-4180-bd11-4258496e0dc3,Friend/Colleague,2025-08-30T02:52:35.520979
8234ccfe-3e4d-4f37-af57-59d93a09b147,5edf4a5d-2c85-49a9-bf47-c8ca7b680251,8d4f646c-da4e-4efa-9f89-7260168d77d7,Family - first level,2025-08-30T02:52:35.520979
b4b0be70-b281-4c35-b16b-ed0acf1710bd,5edf4a5d-2c85-49a9-bf47-c8ca7b680251,5087d838-7069-4676-80de-9914fee3eb7f,Friend/Colleague,2025-08-30T02:52:35.520979
d03da4d2-b2cb-4889-940a-bd19aef579cb,5edf4a5d-2c85-49a9-bf47-c8ca7b680251,25c49145-4ae8-444c-b633-220c22661f6d,Social Media Follower,2025-08-30T02:52:35.520979
d1fd07e5-370d-437c-817a-83d5d436ef7f,5edf4a5d-2c85-49a9-bf47-c8ca7b680251,98fda998-a572-4252-9338-e6cc5108d6c6,Mentor/Mentee,2025-08-30T02:52:35.520979
685790d1-ff00-4bf5-be15-cdb9f05f3c00,5edf4a5d-2c85-49a9-bf47-c8ca7b680251,beea4c63-dfd7-4603-b9d8-ec530af98c11,Family - first level,2025-08-30T02:52:35.520979
2306f660-5301-44d1-b81a-48203258ffbe,5edf4a5d-2c85-49a9-bf47-c8ca7b680251,0b113918-d94f-40ee-b572-3b18a96579ce,Social Media Follower,2025-08-30T02:52:35.520979
f6b7f5ed-83cb-44d5-b3f7-f1435b032d26,5edf4a5d-2c85-49a9-bf47-c8ca7b680251,19209e14-434d-440e-acaa-9310d23b6f45,Friend/Colleague,2025-08-30T02:52:35.520979
e9bb10da-7600-4e34-a437-7ca8a97e4d2e,10405448-9792-44c5-b790-65de50454400,9121bd2b-1d91-47df-9e61-d42d3589f7e3,Friend/Colleague,2025-08-30T02:52:35.520979
066eaa2b-4a31-4604-9508-87cf8af65ecb,10405448-9792-44c5-b790-65de50454400,26105b7f-5bec-480c-b842-12253e528c3f,Event Attendee Link,2025-08-30T02:52:35.520979
b741b25a-a2ec-4116-8444-f923e69f4aa8,10405448-9792-44c5-b790-65de50454400,30e1ca0b-5f92-4c48-9b6f-9e50a8347461,Friend/Colleague,2025-08-30T02:52:35.520979
3c783dc4-9e4f-48d2-8a17-fa076d0d8c6b,10405448-9792-44c5-b790-65de50454400,4947996d-5b95-47a2-93ae-943c5d8be880,Mentor/Mentee,2025-08-30T02:52:35.520979
0488bca5-048a-4ead-9737-448937448602,10405448-9792-44c5-b790-65de50454400,9ec5700f-941d-450f-90a0-f38a5ec11d19,Social Media Follower,2025-08-30T02:52:35.520979
9207f81b-8bb1-463b-a44c-84aff05ba093,10405448-9792-44c5-b790-65de50454400,3772c865-81fb-4f38-a57e-c8c001cb7303,Event Attendee Link,2025-08-30T02:52:35.520979
b3775bce-f767-4b3f-8f5f-19e332095f6f,10405448-9792-44c5-b790-65de50454400,410fa169-fc21-4c6a-b56a-29c5d579e97d,Friend/Colleague,2025-08-30T02:52:35.520979
50e12d69-1f6f-48cb-8770-692522bc349d,10405448-9792-44c5-b790-65de50454400,24f7799e-ce9d-4aab-936d-589543cdfb25,Family - first level,2025-08-30T02:52:35.520979
7c2005c3-367b-414e-96e4-bfaa6683e3ae,10405448-9792-44c5-b790-65de50454400,f5b2338e-2190-423f-a20e-ad45877da53e,Mentor/Mentee,2025-08-30T02:52:35.520979
81321792-2167-4fab-afdc-f90a4fd44640,10405448-9792-44c5-b790-65de50454400,696fb37e-34c1-499c-8113-aca8f90dd352,Mentor/Mentee,2025-08-30T02:52:35.520979
1f4e0dec-f1b8-48ef-9c6c-831d8b58d14c,10405448-9792-44c5-b790-65de50454400,45765bdc-d12d-4a45-a2aa-f58644fd215e,Social Media Follower,2025-08-30T02:52:35.520979
6bcd7b14-35b3-4830-8ffb-dd1686d9234d,10405448-9792-44c5-b790-65de50454400,0a7a7de1-80d3-43b8-9168-c7e595aae3f7,Social Media Follower,2025-08-30T02:52:35.520979
93d2b8be-a885-406e-94f6-6bdd827bc473,10405448-9792-44c5-b790-65de50454400,8de4d78c-0be0-4f3d-992b-cb843c0791a3,Friend/Colleague,2025-08-30T02:52:35.520979
2d94f82a-b91c-4bca-b94b-37174292cfe0,10405448-9792-44c5-b790-65de50454400,d934b447-bad2-4be7-beea-784568a2ab04,Friend/Colleague,2025-08-30T02:52:35.520979
93edd7f0-ac5e-4c0c-b09e-42a9be24679c,d36a21aa-57f2-4190-8e43-cb5b789d716a,a703e8f3-9ffa-499b-a1e1-86c724c22606,Mentor/Mentee,2025-08-30T02:52:35.520979
44d0b038-b868-4980-9bec-9a3961a1dce3,d36a21aa-57f2-4190-8e43-cb5b789d716a,a6b11b13-a4aa-4d35-8da3-0966a4d0c45b,Mentor/Mentee,2025-08-30T02:52:35.520979
2cff51b9-6ef7-4bb8-af1a-d270d05edd21,d36a21aa-57f2-4190-8e43-cb5b789d716a,9f3d65b1-49e0-46b2-8a99-57137de7775d,Friend/Colleague,2025-08-30T02:52:35.520979
d14ce3e0-ae00-451b-85a8-ae70fe3d190e,d36a21aa-57f2-4190-8e43-cb5b789d716a,943c953a-9774-4e9d-9f1f-2a4ad560c7ab,Event Attendee Link,2025-08-30T02:52:35.520979
308af4cd-0464-457f-8952-cd8ac254ae8a,d36a21aa-57f2-4190-8e43-cb5b789d716a,20c8a983-1235-453a-bc74-11871370a49f,Event Attendee Link,2025-08-30T02:52:35.520979
47dd8eea-b76a-49b8-8290-4b499952a292,d36a21aa-57f2-4190-8e43-cb5b789d716a,65f81cdc-25e1-46cc-8b49-d6fce989a1e7,Family - first level,2025-08-30T02:52:35.520979
180d7e2c-d6e7-42cd-afd2-6d6216010ee6,d36a21aa-57f2-4190-8e43-cb5b789d716a,5f204ee6-c1b2-458f-861a-c8eb262f1424,Social Media Follower,2025-08-30T02:52:35.520979
15ba514a-4bbd-426b-8c7e-10791ca4d697,d36a21aa-57f2-4190-8e43-cb5b789d716a,aee8cfca-87db-46d2-b391-e43201444ce6,Family - first level,2025-08-30T02:52:35.520979
02f70a44-c3a8-4405-988c-a27c81aa003b,d36a21aa-57f2-4190-8e43-cb5b789d716a,6f765bdf-87c5-4b9b-8860-2fa65259d927,Social Media Follower,2025-08-30T02:52:35.520979
85b932b3-14eb-4266-a3df-66c0070bfaf9,d36a21aa-57f2-4190-8e43-cb5b789d716a,cb474fef-8992-4bca-9874-c4ddbf18e5ba,Mentor/Mentee,2025-08-30T02:52:35.520979
139417a0-fd4e-4be2-8d2f-135f21ff4ba9,d36a21aa-57f2-4190-8e43-cb5b789d716a,d91b8ad4-527c-410a-b0a9-19c05307aea1,Social Media Follower,2025-08-30T02:52:35.520979
6fd64f76-642d-4a39-8c60-3dd4be927623,d36a21aa-57f2-4190-8e43-cb5b789d716a,f2853c94-35a5-411f-add6-238008ad0671,Social Media Follower,2025-08-30T02:52:35.520979
74a75ff6-4ee6-49e7-aeb9-9497450996f5,d36a21aa-57f2-4190-8e43-cb5b789d716a,1aa0e41c-82eb-42ef-809c-e99d32fa2196,Mentor/Mentee,2025-08-30T02:52:35.520979
f02c0d13-cd17-4cab-b5e1-8fd4f4f11b0c,d36a21aa-57f2-4190-8e43-cb5b789d716a,265670dd-1041-4fdf-baa6-ed98ae563536,Family - first level,2025-08-30T02:52:35.520979
88a6db32-516c-4b9f-ab9a-8fdb3525916f,ec3dbd99-663d-4042-ae2e-d2a83fbb3d4e,be483ed6-a35a-4be3-8770-b2e5c6e9fa28,Friend/Colleague,2025-08-30T02:52:35.520979
4b6f665b-a7bd-4b31-a33d-80ced895f406,ec3dbd99-663d-4042-ae2e-d2a83fbb3d4e,8107af39-d3ec-482d-bc27-bbcac070e249,Family - first level,2025-08-30T02:52:35.520979
a1a578fc-9bed-499b-81a3-b018897f94b6,ec3dbd99-663d-4042-ae2e-d2a83fbb3d4e,b76dfb71-8aed-4c8b-84cd-d0c005b2456c,Family - first level,2025-08-30T02:52:35.520979
ab0f07bf-a7f7-4c73-87bc-5fe1b3e66218,ec3dbd99-663d-4042-ae2e-d2a83fbb3d4e,04a78df8-917b-43af-af73-e76f78a0fb2e,Event Attendee Link,2025-08-30T02:52:35.528942
0f36732e-8c37-4ff0-a314-447fa1679966,ec3dbd99-663d-4042-ae2e-d2a83fbb3d4e,b065186b-9246-4feb-8aa1-d4845adaf808,Family - first level,2025-08-30T02:52:35.528942
3b096858-165f-4256-9814-66a1e3cd6d6a,ec3dbd99-663d-4042-ae2e-d2a83fbb3d4e,7144194b-bd30-4e4b-ba73-b86abe656b43,Social Media Follower,2025-08-30T02:52:35.528942
2573e898-a835-4cd8-b459-e174b7a9a56c,ec3dbd99-663d-4042-ae2e-d2a83fbb3d4e,a499369c-600f-4c95-8c4f-15b27de0781d,Event Attendee Link,2025-08-30T02:52:35.528942
b076c475-32e0-48a1-b6ce-b08aaa30730f,ec3dbd99-663d-4042-ae2e-d2a83fbb3d4e,95688b04-5fd5-4d61-a2bd-01918914565d,Family - first level,2025-08-30T02:52:35.528942
c139faf4-76d6-4f26-95f4-c704d2b336dc,ec3dbd99-663d-4042-ae2e-d2a83fbb3d4e,f0e70f75-05b8-4d51-a524-5391e78d8445,Mentor/Mentee,2025-08-30T02:52:35.528942
bd77030d-eaab-49db-8f0a-a01e6b13c4b2,ec3dbd99-663d-4042-ae2e-d2a83fbb3d4e,3a51421f-fdde-4b52-aa20-67301b3b1f9c,Family - first level,2025-08-30T02:52:35.528942
53181128-46b1-4f61-8889-0bd053b37be4,ec3dbd99-663d-4042-ae2e-d2a83fbb3d4e,53355db8-8150-4243-82e3-697ab12aad63,Social Media Follower,2025-08-30T02:52:35.528942
a0678c02-52c7-4b9b-92f8-17eadefc8007,ec3dbd99-663d-4042-ae2e-d2a83fbb3d4e,82b83843-625d-4c91-878e-3f3ea584339a,Family - first level,2025-08-30T02:52:35.528942
