referral_id,referrer_donor_id,referred_donor_id,referral_date,source_type
00c888d1-3534-48d7-a840-17639da89758,31178197-d467-41a4-a2ad-ff55c0eb362a,d11e0602-7e6f-4cf5-975d-1c6a4fba3bb7,2025-07-22 00:00:00,link
0195d114-0c8b-4a72-aa67-0a4df8ddc18c,19b5c6a3-a4b3-4719-9e86-ce8247452e4e,424dc1e0-1974-4a40-a055-6b375ee686bb,2024-06-05 00:00:00,event
01c75098-d7b1-4808-beb2-84c84dda004f,38e7717f-b462-4b58-992c-79b4f8e78b1b,bff02dfe-5389-4330-bc47-5871bd618812,2025-04-29 08:39:45.692744,link
020eec3b-86a2-478c-8b2d-9137f5aa2063,a7b8f142-6b8b-4eac-bae6-5f57f113147b,e1665060-8238-415b-8637-6f0a8ee0fdf4,2025-04-11 00:00:00,event
028da02e-bb4a-48e1-b0e7-b4b13ce058a4,f02ed6a7-04dc-45fe-8348-e5452a206816,a499369c-600f-4c95-8c4f-15b27de0781d,2024-07-29 00:00:00,link
0304182c-c5df-4a1a-92d5-9bff6be11676,8c5f87d8-6de7-49ba-a93a-ddec2903c65a,5831b241-ec64-421b-aa80-4b802bfed582,2025-08-13 00:00:00,link
032c2c34-c5e7-4797-a0f8-7ce367cb06d2,e917b350-36ea-4995-aab6-a3f6f33b1a5a,36a86dfc-a4b1-4203-a96d-f2e6ba9db90a,2025-06-18 00:00:00,event
03481b37-8279-4a11-a65c-0e9c88f2d285,d711cd5a-8762-4048-8c3e-e8ca94adbbe0,8e477cf9-508b-4b37-ad9f-dbd5a590edb8,2024-12-27 00:00:00,event
03b996c8-cc3c-4b53-8d4b-2b259150b3a8,6fbd2461-da38-4274-9625-22efb63951d9,82c0f34c-6750-4512-9b29-377cd817a500,2024-11-18 00:00:00,manual
03cb51a5-4739-46d0-88c9-a065a2565a49,816d11d7-1a47-4037-a48d-f625d931e058,0496be7b-16fc-4c98-b744-4158eab6da46,2025-11-02 08:39:45.702315,link
03e26d38-9d9b-4aec-b7ed-e4f3ef1c496c,3292cb01-0f37-45fa-87c5-c4077a323754,d6015a2b-6ba5-46de-9db6-ce04ed5e9537,2023-12-28 00:00:00,link
041361a7-25e4-4875-b725-bf171143a712,9369b71e-36ec-493a-a42e-41534de83cbf,848232f1-1cd2-4111-878a-45f7de8c8d5e,2025-03-22 00:00:00,link
05269ab1-c15d-4523-8111-3dbdf6850036,ec7e92e6-d1d4-45d5-aa8d-55515a9af2f3,be0d7c38-de79-41da-9608-1da42edb5943,2025-03-30 00:00:00,link
055bc3b8-488a-4af2-a818-e866e933f6b6,11cfd38d-41bb-4c28-ab9a-01de42032155,f912bf08-f713-48d8-8baf-db0b838c1a4a,2024-06-03 00:00:00,manual
05604b07-9c2c-46c8-b89c-ca6120da92c3,415cae62-984a-4225-ac45-842a3182ecb2,e256ce94-293a-497b-8e0b-a702a89e44d0,2024-06-27 00:00:00,event
059b7e1e-0af4-4d34-bfee-6118edd17170,4dcb45f5-74e1-4500-8278-c24eabb9bffe,d95b3ae3-493c-43f8-b057-28f44f8c8e32,2024-03-15 00:00:00,link
075b297d-02c5-4aeb-9717-2efd3056edd5,f4a7f28c-f1b0-4b43-87e2-8cf02360c838,e13680fd-0548-4a90-bc2f-506ec5ae7c18,2025-04-13 08:39:45.71799,manual
07af8ed9-dc79-4d9d-b480-88fcbab864b2,2cb1e42f-5ea9-4c5f-bb4d-9e3a7e95fcb7,75ae0f86-3fa2-4ff6-a144-327ec3029b59,2025-05-26 00:00:00,event
08d42464-9db0-4d77-bf84-35ad70b7f4da,ea639e03-1eee-4984-9dbe-d3381977c8a9,dd5661c5-c91c-4fd0-8a29-eced81279e83,2024-01-08 00:00:00,event
09506912-1771-4cc6-8f52-9bec231d2b1b,168d4986-f441-48f6-ab17-8d02e91a06ae,224f91b5-0f6a-49ca-b9c6-6314e96c5636,2025-06-07 00:00:00,manual
09671123-d8db-4174-ac95-a0dd12c64c63,ed00ad05-a679-4a2e-8e56-44a1a01b9363,d7b397d3-c204-401d-bd28-fd4aa9d0a445,2025-03-31 00:00:00,event
09a53f92-dfde-4695-ac65-818bf90d0bf7,6866ce30-364a-4ba1-a103-b9269afd8348,e7996cf1-c793-4bed-ad82-79f2ef3aa123,2023-11-22 00:00:00,manual
0a687d92-c42d-47d5-b2d1-2b09a0c8cf4d,9e1bc5ba-c19c-4e80-bc29-97cb6ba09d4a,a73e1650-f132-4afd-8386-236dd8820d46,2024-02-29 00:00:00,manual
0bf45af3-6b09-46b4-8b08-e3ccee804509,dbd1d3ed-44ac-43c9-b5d1-dd62d4f7368f,a310ee6a-1f7a-4d8a-b2bc-e266c9e14e7e,2024-11-11 00:00:00,event
0c07df70-3f55-4e97-8fd9-bdd9a78c44c5,e27841c1-9aca-40ac-a1bd-6510b0a1e7dd,2b4d1634-1bb7-4d56-981b-16b714732f0c,2025-10-08 08:39:45.692744,manual
0d4be678-3869-4903-9a48-e4c919e9011c,7743f1e2-785c-459a-b882-78f5dc9e7979,fa4a6c50-18f2-4264-a13f-5ea4669b7242,2025-04-18 00:00:00,manual
0df0c154-13d6-410e-aee8-15bee58dcfd5,0cd47a3a-4503-45bb-802c-b111b43cb890,982e344f-5a30-4708-86f3-90cdfc18858a,2025-01-01 00:00:00,manual
0dfa24e2-192d-40dc-bbef-8f404838539e,d2e1e70c-1220-4fd5-b9ad-3a332285d788,cbb2c2e8-a23d-4c73-92d9-f4f8d2bd2319,2024-05-12 00:00:00,link
0dff28f6-a56c-4a14-aeac-6414af7b184b,6d8ddc47-9cb4-4e5b-9050-8080dcf910de,10405448-9792-44c5-b790-65de50454400,2024-09-15 00:00:00,manual
0e2581ad-026d-4faa-be5a-4478daf090c4,b791cc0a-b106-4871-8057-50b6be15840d,b19f26a9-522a-401f-b7ed-bdfe89d05eaf,2024-09-13 00:00:00,link
0e35c481-aef7-48fc-a16a-caacdbe291fc,0e7c2455-3a4d-42fb-8b04-bc984c3620cb,231b939d-8da4-4f88-931f-1414d89293ae,2023-10-19 00:00:00,event
0e3c318f-2398-49f4-9697-b7414033b7f1,c32d3380-a6b3-416e-a283-8f7854443d50,eb0c7204-7de8-4be7-978b-0a0369ebf743,2025-07-18 08:39:45.680872,event
0f0c184d-14c7-4425-9f43-fc3f9a9c0647,36275826-41cf-44cb-a0a5-ad501e31e781,62ed2ab1-dbcb-4c58-9a45-1c0b7abc0e02,2024-04-05 00:00:00,link
0f7f771f-2dc9-46de-9aa3-a42bda0d8b80,78f11e9e-afc1-4a1c-9266-f3ee5e2d2933,55252131-49e7-4357-9859-fdf3ee86f7cd,2025-10-10 08:39:45.677521,link
0ff8b2ca-bec3-4846-b156-3b7281a90a6d,0bb41e3b-7359-424f-b644-945ecc019b7e,a5007a50-6ff0-492c-8811-bfb2979e6944,2023-11-26 00:00:00,event
10051276-aa99-4c29-a861-90bd6149cfe2,996c3bf5-0985-4cf2-a122-a2cddc621774,015c2ed2-b249-4da9-bb78-c24bc01bfda8,2025-02-02 08:39:45.701072,event
10346214-1f34-49a2-9c91-17551feca770,259b699d-ff6a-4158-afa7-1d9f2864af4e,39e1adbe-bef1-4c41-a631-272bf8219cc5,2024-07-29 00:00:00,link
1053c2ce-f0c5-45c9-84e2-6458b81ce254,e09a13af-7fc5-4fa5-8524-f978fdc22f1a,278e3e26-17af-4c92-beba-d0227c43af08,2023-12-22 00:00:00,link
1090f6bf-9e7e-4029-9aa3-c6e103385446,9d804c3d-a4a4-4dea-940f-60c0d7b74419,b6e5979f-6ed6-4e33-a50f-981a7637b212,2025-06-25 00:00:00,event
11bb3702-84e2-45fe-a709-01af28c779cc,0e7c2455-3a4d-42fb-8b04-bc984c3620cb,11ccec74-5a84-48ae-b300-67bbf4d1cb8e,2025-04-10 00:00:00,event
11f5dcc9-941b-4d6f-b8e2-8bf37577ef03,14895d8c-588d-48b0-b438-1fd4d8ca5a55,5842e994-9a95-4b66-94e1-02fac0214bfa,2024-05-05 00:00:00,link
121fac7c-39d4-49a6-9c46-e1f9cb0d9e5b,a6440173-87df-4ae2-bd97-a575293b710f,193a439d-4798-4148-98ae-79346f779a98,2025-07-17 00:00:00,event
12817de2-6c0e-42b1-8b7a-76704676c7ac,88c85b3a-39ff-4cbc-a7bb-457ac7a778a4,764c8faf-fd21-438e-91e4-a991a5f166a7,2023-12-14 00:00:00,manual
1339599a-5b1f-4b04-aa59-17b6dedda0b4,2e1728e2-5932-4a10-b4b0-40f07b3192ab,9fe54c1c-2904-4f31-9ad6-f24c2e1bb1f5,2024-09-14 00:00:00,link
13f5052d-5fbe-4ef0-b276-a0a0156a5ab6,d2f5c7c6-e70c-4407-9fad-18007c933ca9,2cbbea22-341d-4739-aad8-449aff8f7470,2024-06-16 00:00:00,manual
14d4698b-37f4-4109-bd57-86cd939f7aea,4a062f89-386c-4e4a-ae63-c3b47c060db5,2cb1e42f-5ea9-4c5f-bb4d-9e3a7e95fcb7,2025-01-15 00:00:00,event
156c7dd7-5317-4ab4-ac36-99fe4f313bda,aee8cfca-87db-46d2-b391-e43201444ce6,42078308-3e2e-4291-8f20-f8816b41fbdb,2024-10-04 00:00:00,manual
15b5153b-f093-443c-ad67-6fb6b7625fe9,c852fe63-d58f-439f-86e9-59008c5b099e,07ba2820-2d0b-411c-9bc8-b02a8f3cbbf5,2025-02-03 00:00:00,manual
16b3f5e7-42ae-4ca7-9c58-b98d3b629b8e,72f246cf-48f3-4013-aeb2-e3636ccebf6a,7f1069e1-c3a0-46ce-8ea3-ac4b212d4f7e,2025-08-21 00:00:00,link
16dba638-2c4e-42e0-8cad-e64b86fa902c,d5b4b31e-1a99-4af4-abd5-7303d9917246,8b261ea0-c361-4193-8541-0b50268d2136,2024-10-13 00:00:00,manual
17338f92-6387-47d8-980f-ce7c2b98c3a5,e1270a63-46e8-4e6c-89d0-b0658a875af5,bc4b2336-885d-435a-8ab1-3898b1645273,2024-10-09 00:00:00,manual
17c54e60-c587-49a0-b3f8-ce7aa1279abc,9bba45f3-78cd-45bb-b413-66e6cbbb716f,6edc3769-e348-4edd-9443-f238212e2952,2024-01-28 00:00:00,link
18511df6-34fc-4083-b027-640118180bd5,6c57d760-7a0a-42c5-9394-d6d993318087,5561a945-e8d3-43fa-bd75-85a1590eb089,2024-11-19 00:00:00,manual
18855f20-bfa1-41b6-9ed7-1fec1e15626b,d59ea746-e298-403b-8b1c-11638364dc4d,b97d760c-08e1-4e81-8335-d9a57c1ab1a7,2024-06-21 00:00:00,link
19464c2d-2f1e-4f16-9297-9cffd39e4f15,310bc8a7-787a-4928-8d16-6a484d43e553,304ea99a-2c46-4be8-a510-5f8138f65faf,2024-12-24 00:00:00,event
19bfad89-adeb-48ab-ac4f-22c14cb05aa9,01e97589-44e7-44d2-83ec-f215c6058414,652c3e1b-0b12-4469-a5ac-5b123617766e,2024-08-24 00:00:00,event
19c99366-38ca-4fe6-b310-5b4222215bae,132f2389-a0f4-41a6-93c7-b894c1cb906c,c88b5fdd-4fa9-4821-a021-a9a305ae1056,2024-03-17 00:00:00,manual
19f75e79-a781-4842-8ff3-e745de86bb74,6be87429-f4c3-4a4c-b31c-ed500b50e926,f0efc164-22cc-4aa3-a456-9fa10d70011e,2024-03-26 00:00:00,link
1a148bee-4c0e-47a5-adfb-a805d0927f72,d0673a99-d7ab-44ca-8e85-f7254cf59d3a,af0b011e-97a6-4828-8541-f7f292d725b7,2025-01-04 00:00:00,link
1b027e47-c5e8-4943-bb67-42124264eba7,e590afd9-51a5-449c-96a3-b9b4cd405814,4c845e6a-24ce-42f5-9575-d42416dc51dd,2024-11-06 00:00:00,link
1b0a2d12-36b0-4a05-8602-11198e0c9ea0,40be0fdb-1a81-4f84-bde9-532961e3f995,d22e37f4-f7e6-4fdb-94a4-43662f53b188,2024-02-07 00:00:00,event
1b2d5ee4-4328-4625-aae3-5045508bcc34,7144194b-bd30-4e4b-ba73-b86abe656b43,8194e0d0-2d32-4c4f-8e51-b660c5102687,2023-09-12 00:00:00,event
1b596b9b-212d-4bd1-bd40-21e91ca63da6,380243e2-55c0-4d07-aead-10e610f710f8,c88b5fdd-4fa9-4821-a021-a9a305ae1056,2023-11-04 00:00:00,link
1bacd68a-5a5c-4067-a5d5-ba05665406d6,fd3e0ae4-9422-4be7-bef6-4f17e68dccb6,7ec1068d-cae3-42ef-9fb2-f48291f7eab0,2025-03-05 08:39:45.692744,event
1c3b838b-0cc5-408d-93f7-75b01290b9c7,5c2c81d8-3691-4654-b9c8-9d25c1f73b7d,9d9befad-6412-49c3-89d1-c0770bc27800,2025-04-25 00:00:00,event
1cbbe4b5-7a8e-4e57-9965-a051c3a82dc9,16f560ac-76bc-449e-9474-395fb322505c,c807a3f2-6396-4d88-b805-bffbca59c273,2023-09-29 00:00:00,link
1d0764c1-5cf4-4e51-81af-a975190d2388,c4c797d7-45c1-4b91-b1cf-845ba9e6919a,4b875652-f918-4bbd-bec4-ffe31a64c5f5,2025-04-06 00:00:00,event
1d6c367f-c106-4f7e-bb78-b595aca206f3,9121bd2b-1d91-47df-9e61-d42d3589f7e3,bcea157f-f45e-442b-ae81-b447e258bf2f,2024-12-16 08:39:45.663591,event
1d9e8ad0-ab07-430c-9d4c-ad200e2a0f9d,07ba2820-2d0b-411c-9bc8-b02a8f3cbbf5,ef5ad8f8-1eca-4386-8c17-2cd29d8dacb8,2025-01-07 08:39:45.702315,event
1de8ddfc-6f29-4a61-8339-ca58ceb1e2bb,c2929836-84e2-4733-8c65-1035d01c588a,79f53e17-ca5a-4213-baaa-4ec70100faa0,2025-01-09 00:00:00,manual
1e263188-c84a-4706-be60-c3cd2001238b,d0a73205-fd69-4997-8000-3e901219b4f2,453f42c0-c359-449d-bd34-f7b704f775f2,2024-03-16 00:00:00,link
1e5c06ea-1c3d-48ae-b851-df8faea8bddb,9d9befad-6412-49c3-89d1-c0770bc27800,82da3585-1817-4a13-a54d-fe4f471f2a49,2024-03-12 00:00:00,link
1e60f793-d5e1-4798-a89a-86d19d96b9c1,524f2e0b-2bf3-4f93-9d7b-c8084b317610,934aa4c3-dcb3-4fae-a0a2-9e0546f840ee,2024-08-26 00:00:00,link
1e68c991-16c7-4555-aa55-138a8afbe854,4cc3bbbd-d1b7-4fe2-9271-e5e4aaa76f55,a87992c7-802a-4a38-9451-968124c4a5d9,2024-11-11 00:00:00,manual
1e7bc51e-5ced-4f82-b8e6-8e51a754bbbe,694986ab-fd3e-45bb-b093-7218d7c08813,c59d7218-625c-4008-b959-57665a433f6b,2025-07-22 08:39:45.680872,link
1f7cb60e-7d17-46b3-a453-185d80253933,4bede622-30f7-4617-87e9-7aba51a7748d,8057511f-90a8-435a-bd6f-71ca429a1396,2025-04-26 00:00:00,link
210dc9ac-90d2-47aa-b540-a3a9f7e564fb,fa8d9ea3-f1fe-437b-8592-ea7c61931a9b,e7e7552d-12a6-4d62-b65a-fa09e27940e3,2025-08-19 00:00:00,manual
22817555-9f3c-4dd8-a2ba-4c3e0addf716,46b19fb0-ddf9-490c-8b9a-6d5ba676fdfe,30a57139-8c8a-4cb7-b9da-26a48fbc8ab1,2024-08-09 00:00:00,manual
22894bfc-d4bf-4ad4-a17f-e59d2a8a027f,29c5d0bb-ee77-45e6-9624-fdc0cb500a65,706ef961-3093-441e-9580-a7a3a2d8fd83,2024-01-04 00:00:00,event
2329a743-0e24-4e82-adbf-2001d65a2021,dd5661c5-c91c-4fd0-8a29-eced81279e83,39586b4a-2423-411b-baf6-d5b2bd200926,2024-06-12 00:00:00,link
2353bdc6-4d12-4ecd-bfd3-2311ef313d40,7f91ada6-c58d-47bf-9f45-940282f6a292,e1834296-55ee-4ca1-b52a-821fe749239c,2024-03-30 00:00:00,event
2373a7a9-998f-4bdc-ae95-94a245d45af5,3d2c44fe-4d3c-49ce-8474-b55b87d31a55,0e7c2455-3a4d-42fb-8b04-bc984c3620cb,2024-06-07 00:00:00,link
248c2bc4-4817-428c-a96c-4e79dabd0976,f6665e77-194c-49aa-8f75-35ba4a94b23b,479c6b6f-0d0d-46c7-9622-128775c0791a,2025-07-30 00:00:00,link
24add9b2-67ff-4cb5-b9d9-ff7991e34417,0f3d3a3c-32e4-418f-a401-f27ca3a29698,8ab67aa1-c341-41eb-9c01-c4dfe300856e,2024-02-01 00:00:00,link
24af8071-d582-4882-ad2c-9bf600a98d90,51bc23c5-e2f2-45ee-8541-33023c9c6b93,2df1ebef-9b9d-4b82-bfd9-aa7ee83e84e0,2024-04-28 00:00:00,link
24f24235-3541-4abb-8550-dbb218598a5d,afdaa779-7acf-4ab2-9f70-9acaab767b1a,df32676b-ef3d-44dd-8366-fc3671b3baaf,2024-08-13 00:00:00,event
250e8b46-f91b-4cd2-b65f-6b795ac27c6b,aca37f3b-c4c8-46ca-b827-c0c282e44451,d145de77-2ad2-4330-9b1e-aa31a47a4748,2023-12-16 00:00:00,link
254eb7e2-8712-41f5-a6c4-532f0c078ddd,d8f14861-ba51-48d2-ace9-a13fce05acd2,3af8f95e-ad1c-48a3-ae06-29c7e56ed572,2023-10-02 00:00:00,link
256559a0-7792-4bec-9b9d-aa1303534d82,2538308f-40a1-4989-951b-bb72f5b24ab9,47a7e962-13a2-4bdc-b635-9248039535ee,2024-11-18 00:00:00,link
25b90dc2-19be-45b5-826c-ae69984eaf13,c41955f5-9513-4e99-b07f-552300997897,daf79a66-8e59-421f-a692-b5d392da8695,2025-03-21 00:00:00,link
2676a8b2-5d54-4e5f-b2de-7960f84225dc,46c39309-6492-4202-b934-a866f492cd73,18142272-89ad-4569-a176-674397edb5af,2023-11-08 00:00:00,event
26a86fad-9bb5-4459-b128-beb2c64885eb,7bbb6837-e9d8-4460-8d72-d54a504895e2,6df91c5d-d64b-44aa-9cd4-3cea7a81c626,2024-05-13 00:00:00,manual
2758bd84-f9e9-429c-877f-1cffed5962aa,384274db-ed75-4339-9683-af80fe1e7bba,353e5824-7e1f-42b2-adb8-538d4009e662,2023-11-20 00:00:00,event
2807e49d-9643-462f-ad26-2ebf6e40bf60,edfc244d-2764-407d-9779-0351eae344a0,cae7106e-d5d3-4d7e-9254-91fd198b8933,2023-09-14 00:00:00,link
2844624e-805f-41ed-865f-17a8fc7b25d0,d9e81833-81b5-4147-8495-d0c579e6ea1c,d8e2e871-e098-4fce-a71e-870330696028,2024-03-24 00:00:00,link
287d0f6a-0d75-4fc1-8bf4-59c2588c1ad5,8951923d-1bb7-4de5-b797-9c2e69934e4d,5f204ee6-c1b2-458f-861a-c8eb262f1424,2025-07-20 00:00:00,manual
2882832e-e257-40fd-ad72-69e755df56a1,7fb68c77-cb7b-4656-a97b-907f068a16be,58fc4771-353f-4a66-8985-5f2902f46321,2024-11-05 00:00:00,link
28c1cd49-8e50-4a6d-b7ed-65c0eff0b116,ed00ad05-a679-4a2e-8e56-44a1a01b9363,8ef9e2f1-7683-4600-9479-5631b5df573d,2025-08-20 00:00:00,link
292fd4a7-a515-4299-ac0d-6f5a38225b27,20be7905-0bf3-4cfb-b08d-20f20e70d23b,f8289c1d-18c1-415e-b488-d3a7b33bc80d,2025-08-07 00:00:00,link
2969e6b9-df84-4f7b-876a-a599c399083f,15ff619f-592e-4d64-b017-3ac3a7366f4d,40f3d0c3-5b73-4bcd-b970-51ce1faf3ce6,2024-07-15 00:00:00,event
298924f1-b7cb-499e-988a-10d0a85c62e0,8c652811-fed3-48d6-bd44-c11c55a83ffc,95688b04-5fd5-4d61-a2bd-01918914565d,2024-11-18 00:00:00,event
298f8b99-bd7a-4ea4-ba84-e20a493748a0,3081ad3e-b963-4253-ac1f-42a0822036cf,d9dfb3df-3b72-4db5-bd87-c589c08f674f,2025-02-14 08:39:45.702315,link
2a4184a4-4281-4a09-9650-a700889000cf,5087d838-7069-4676-80de-9914fee3eb7f,c70a5850-749e-4aec-81b3-b3ecbfb9e920,2023-11-07 00:00:00,event
2ab54203-0f71-4893-bf55-5b0a4bba817e,70e4a70d-9c73-4cd1-8bb9-88217c4b214e,bfc7f96a-0536-4a55-a800-ef0234e2bf4c,2025-06-04 08:39:45.716832,link
2ad47b5d-25b7-4513-9419-e8ac4c117e0a,9c1eef1a-cb8e-45b0-b418-c57f0240b7e5,8c652811-fed3-48d6-bd44-c11c55a83ffc,2024-10-11 00:00:00,link
2b954521-b81f-477c-927a-aad3e51a3a9f,59f5c052-5630-48f4-9622-ccbf22bcb00d,13bcb143-f1e9-4495-aefe-6f998dd031e4,2024-07-24 00:00:00,event
2bfed378-dd2b-4431-98bb-b484150bf6c9,d898f586-4baf-408f-9d0f-ad860993e6af,36255b3c-eb24-4b63-94d4-aae23cc85c18,2023-09-15 00:00:00,event
2c465cb9-b71b-449a-9a1e-d1a16b5969d8,d22e37f4-f7e6-4fdb-94a4-43662f53b188,19e5baac-7774-44b2-bb53-b045dc52f6ec,2024-03-24 00:00:00,event
2c6b59e7-4458-4eae-842d-27882bc2c9ff,cbb2c2e8-a23d-4c73-92d9-f4f8d2bd2319,af14b345-3671-4898-801a-937e4abc77b8,2025-02-17 08:39:45.72494,event
2dd7d190-e601-49eb-938e-432ed87aa125,becf4ec6-9db3-4aa3-aa0d-cb032556c1fb,e917b350-36ea-4995-aab6-a3f6f33b1a5a,2025-08-23 00:00:00,event
2df1728b-af19-491f-aaa9-abe4cfbdb320,439f2d87-91b3-413e-95b3-98e1738235d6,709352a6-1fef-4e08-bdfe-deb08f3bae35,2024-03-06 00:00:00,link
2e9e7b54-11d9-4c74-8066-6182929c8035,652c3e1b-0b12-4469-a5ac-5b123617766e,308b4326-3f39-4acd-9ab7-9ec06ee2906f,2025-05-07 08:39:45.712811,manual
2ea996cd-9ac2-41f9-84db-bdc1aeee7b2d,934aa4c3-dcb3-4fae-a0a2-9e0546f840ee,816d11d7-1a47-4037-a48d-f625d931e058,2024-07-24 00:00:00,event
2ee8f371-d59b-4890-ad83-a14de69610ed,e7e7552d-12a6-4d62-b65a-fa09e27940e3,55dc1fa8-011d-424f-bfab-60a968cc04a1,2023-09-20 00:00:00,event
2eedc422-9561-448c-ba74-902893df76c7,65cf1611-969e-42f2-856a-b3178c362dad,2b8e2232-3e0c-4a24-91e9-962fbb766f15,2024-05-26 00:00:00,manual
30140c07-d602-44c9-8b15-aa779b5fae01,d5b4b31e-1a99-4af4-abd5-7303d9917246,60a9a331-4869-41b3-860a-e5a9a0518f55,2024-06-05 00:00:00,manual
30a06d94-c132-4bd3-a95a-eb0e538e1368,7f86f7d3-1a3c-4ec2-8e1f-376aa5e11395,b9a9b600-777c-49e9-9a37-c2371bb8c4e7,2023-11-07 00:00:00,link
30ad9efd-79f3-4762-a40f-84574fa04997,3b4b90a9-6c32-4336-a943-131527569ef5,d898f586-4baf-408f-9d0f-ad860993e6af,2023-12-13 00:00:00,event
30df8881-e362-43b3-a405-b1edd538bed6,3109d7ee-9545-4dec-aeb3-c80296c275f1,004f1a5a-796e-4d24-92f5-663c0c7fb445,2023-11-28 00:00:00,link
31836267-048f-4b73-b1a1-8003dfefd10a,88c85b3a-39ff-4cbc-a7bb-457ac7a778a4,c1dc90fd-e3e7-46d3-831f-8d61f26f4cf3,2025-06-08 00:00:00,link
319bee95-5c73-4f8a-87df-39d8e00a31f2,2bb53d30-e2a2-435d-863e-f58dcb8f72af,416fb38f-a344-4b39-ab96-261f5d126fc9,2024-04-05 00:00:00,manual
3225716c-46cc-4aa0-b875-07108e24ffb3,dee2ce38-e75a-40c7-acad-94db96f87e84,0e174672-fa48-4e6e-b265-96087895f4d1,2024-08-08 00:00:00,link
33ba1249-45d6-4e5b-8310-0e8bbda4ea27,9abdd8c2-1764-49c1-afe1-f574293840fe,1c3f17f6-ac30-469f-9367-c99c428bf6d7,2025-01-20 00:00:00,event
33be829e-8b7c-4722-a5e1-c7aa7cbb4974,e7b814c8-7ff9-42d4-bcc2-e212144d67cd,407a033d-f54e-4319-acc7-03055947d012,2025-03-20 00:00:00,link
33e89f08-599c-4c10-a459-b513621645a2,ca44a151-be76-4e2f-9f44-8d30b4c8fd40,4cc3bbbd-d1b7-4fe2-9271-e5e4aaa76f55,2024-02-14 00:00:00,manual
3442368c-a511-40e0-9526-e7730b18cf9f,eb7d240b-fcd8-4de1-9104-4505c85db54a,a703e8f3-9ffa-499b-a1e1-86c724c22606,2025-05-08 00:00:00,event
349a3b99-5ebe-4260-aa84-f65903e47285,4e6acaba-d49f-4d5a-b6a3-830796cb1fb2,2e9b35a5-a02d-4149-aefc-0f8341536a57,2024-09-03 00:00:00,link
34ca5408-b0b4-4927-bb00-f64ac517a230,596fff6c-81a6-488f-b781-a084e5213f2c,3da61d27-cea9-4a4c-9c46-ba96abaa926e,2025-07-15 00:00:00,manual
34dd32cd-02bb-4213-9143-4cee1ae71fc2,ff178aeb-2b27-48a2-8702-26bfb37f008e,72d55689-400b-4576-9815-44f78a139166,2023-12-30 00:00:00,manual
37503922-4b90-448c-9fa9-b193cf005a72,2f682037-a568-495a-b7a1-1ea3412c62f5,6402defd-144b-45fb-a5cc-8ff168b4db9a,2024-03-18 00:00:00,event
37f6aa65-b7e0-4cb3-a68a-7fd8047b2147,777776ff-ba1d-48a6-b706-9bbc05c22efd,42b9a85e-17a1-480a-9821-6ab8f0d9ee99,2025-02-12 00:00:00,event
37fd7de2-5fca-484c-863f-cf7a13d60938,c2929836-84e2-4733-8c65-1035d01c588a,5403223d-ba31-4b88-bebd-cf22326ea238,2025-06-26 00:00:00,manual
383b7d6f-c145-4256-aa3c-cd36def491b5,20cca08e-6c35-4eb8-a7e5-913a7219df31,c1e8d27c-5d08-4dee-999e-ba40c09d28ba,2025-04-20 00:00:00,event
39f1317c-0c6f-4efa-8672-675b1c966e79,e50c537a-a003-451b-ab4d-ca47db4efc55,824fc3ba-f6dc-430b-82d2-c92eef22bccb,2025-04-26 08:39:45.712811,event
3a07845a-4a4a-4d8a-bedd-780f3149c890,4c845e6a-24ce-42f5-9575-d42416dc51dd,f88ab902-9836-41d1-be5b-97af09f95c75,2024-11-28 00:00:00,link
3acd893a-2ccb-4557-a943-86157824f578,f4fae78e-c1da-45eb-9dbb-b82747ab2ed2,c8420f54-dbd9-4558-9b75-c75c1ad48bb0,2025-08-12 00:00:00,link
3b5f5963-1626-4cea-ae42-e47138aaf8ad,0eee9534-51d0-4ca3-af3c-50a8c90586ca,d697e430-024b-4afa-97b4-322772aa2537,2025-01-26 00:00:00,link
3bb384d8-9339-4676-a48e-63bacf62776a,964fd378-9fd0-44a6-8be1-22fa8f0b6b26,f7cc4e1d-4b37-468d-aebe-e96507630ecb,2025-04-10 00:00:00,event
3be738a2-057a-4ded-b6b5-f969f4dfee7f,04346619-f18e-42eb-9374-d60fc94bf18d,6f6d7147-4993-4601-9888-7465137cef8f,2024-10-13 00:00:00,link
3dfbea77-8bd0-4ae3-ab41-723f8246fbd4,31bc4e35-ac69-4186-a76f-3bf9795ba28c,706ef961-3093-441e-9580-a7a3a2d8fd83,2024-04-29 00:00:00,manual
3fc654a4-07df-4cc1-836d-cef82ef3fd3d,ab8efba9-e14f-47af-aee3-9c033bd5f70e,18982ba5-26b5-4a7b-a589-18d90a80c9b6,2024-06-26 00:00:00,manual
3fd00cf9-dc9e-4861-b40b-a78a0bbb936e,b267e252-bc36-4817-ac07-e1f07ce173d4,50d1b918-9726-4a31-ab09-5fb1ae33be84,2024-10-29 00:00:00,event
40f5cbc9-122d-447c-b80a-2ee28be370c0,3561aa9d-9ade-4191-a00e-bebed2de42c2,53b6b352-d2e3-4cde-b142-d3289bb71949,2025-03-28 00:00:00,manual
419a9770-89db-4af4-80d0-da36204f215d,f71e5cb6-333a-40d6-8fac-696000d93a44,e353bc53-160e-4c68-89ab-e00b4b55d2dd,2024-02-05 00:00:00,link
41b3530d-d1e1-44fb-a64c-087d0aef42b5,7fb68c77-cb7b-4656-a97b-907f068a16be,e916d909-40f6-403d-bc9c-d4f9b8443f54,2024-05-09 00:00:00,link
41c4e536-dd77-431e-99b2-b51eb2e15f0d,1a6b7642-1cf4-47e1-ac92-ae3c7dee34b4,735cf305-cc16-4e2a-8886-246f57a833ed,2024-08-09 00:00:00,event
42234bcc-e4c9-4aca-af24-f09f3c471b75,a3e86fef-69e6-498b-b035-2ba04d12537e,769f1f98-185a-4d47-b69e-4b033e4d2b3b,2025-02-02 00:00:00,link
422849b2-7528-4ef1-b2f4-133cc0f9a4e6,2ff8b186-5786-44dc-8d19-b5141b186af9,9de59691-a109-4460-8031-4b1e94babc89,2025-02-26 08:39:45.673986,manual
423a032f-72f3-4820-8c5e-6442206af545,07338794-c8f2-464c-b29a-9f1722ff75a3,9cac4a37-d8b0-458b-8aad-b2598385d3e3,2024-12-17 00:00:00,link
42832039-c2de-4d00-9bf1-b1c52aacff9e,1248d5c7-2813-43e3-9404-a7fa3ea924c7,cc482931-609d-48ae-9eff-a73c58fa2e37,2024-11-30 00:00:00,manual
439ca3ea-45dd-4381-ad98-e5508f4d6546,0cf81293-7a5c-48e8-b7b8-8a2069a39867,17fba6ec-64f9-45e9-a1a2-c1d09b9cf99d,2023-10-27 00:00:00,manual
43e2d5b0-e1be-478f-9087-28d3aca9a697,99c43c15-49d9-43d9-ac73-06b949567b10,ed00ad05-a679-4a2e-8e56-44a1a01b9363,2025-05-27 08:39:45.721124,link
446944e4-4cf2-4d78-9114-9adb35abf930,ab328f1e-368e-4106-a169-fc18d8930ed2,e100e16d-8092-4960-8a41-ee2bb2ccbb60,2024-07-09 00:00:00,manual
448d75b9-597e-4200-8631-cd3a7bc80e31,0d07f10f-9445-4bdb-b5c9-437b03440626,e7ebbb5e-7594-41cc-9e97-bfcbfcf37a1e,2024-04-07 00:00:00,link
44c5be5d-ffd2-4dc1-8a45-1c7181e8a640,0b6beb5b-9df9-46a1-a46b-4235e2d840f1,8d0b1e25-41a2-4cc9-b3f1-1244d8ad409c,2024-06-07 00:00:00,link
450bf9a6-59d8-48b6-964a-4ff2de4b6dc2,052a6deb-e5e3-4548-a7e6-3d9b82add0c7,c3cd7028-227d-47f8-97ed-054b534a3cdf,2025-03-06 00:00:00,event
4521d1fa-c8ab-4a6d-bc7f-2da322db9569,3da61d27-cea9-4a4c-9c46-ba96abaa926e,62372212-29f8-4612-adcf-69c1cb51644d,2024-12-06 08:39:45.712811,manual
4522a2dd-450f-419d-a89a-477568409ce2,4bede622-30f7-4617-87e9-7aba51a7748d,7c5a5884-27ac-496f-bd5a-cb7de74cc7ea,2025-05-04 00:00:00,link
466ca3ea-32b2-4a8d-b972-5933e5ba80a0,d3be13aa-6e46-4ece-9fa1-36b3425d6d65,2862a95b-ef8b-4645-b623-103fd42b7e80,2025-05-15 00:00:00,manual
46e227dd-cf27-49eb-9967-beaac3de78b4,3de548e3-801c-41d6-b0b8-28e8389795f1,2dbdf825-9ea4-450d-957c-1d119b2e05c7,2023-10-15 00:00:00,link
4794cf91-26db-4090-b37c-37e00404ecef,ede7e57a-a435-4906-8881-4003c2270200,bfc7f96a-0536-4a55-a800-ef0234e2bf4c,2025-05-01 00:00:00,manual
47b8d685-bd00-4162-8e8b-d917d4f5478d,446a6736-d918-46fd-adbb-fedfa481339d,82ba8901-eed5-4abd-93da-aafc04d4c93f,2025-06-24 00:00:00,event
47d65dd0-2403-43a6-ad7c-0e00abbc9b97,a703e8f3-9ffa-499b-a1e1-86c724c22606,927a2ea3-ad46-4c7e-bc05-5e13c9c6d353,2025-09-19 08:39:45.665264,event
47e5616c-63c3-4719-9bec-1546a6e76a11,ced3c56d-d218-4429-a50f-3cb41af028d6,bd0b9362-ca1c-4565-af1c-b574adb9b006,2025-04-12 00:00:00,manual
4844890c-0c67-4842-a360-11d4d98444ad,c8ef3d83-99e6-4c96-90f0-e511691966f7,8e5db93d-c20d-4a44-b7fb-f88f99349202,2025-03-01 00:00:00,manual
48c4099e-9d7e-47d1-9d7a-dbe1485c6049,0c1def4f-0e4a-4e55-9f28-1d92864f3588,1ca624e5-c0fa-4e94-aedb-5c74be4f79f0,2025-07-02 00:00:00,manual
49ee5acf-09ea-472d-89aa-872a1bb47f9e,3109d7ee-9545-4dec-aeb3-c80296c275f1,6994e448-67f5-4eae-8eaf-ad58dc3400d5,2024-11-20 00:00:00,link
4abe0c32-9dc1-4140-a16c-a7d3191d3f35,048326c0-b939-471c-9a6f-f80369497a2b,663da3b5-652e-4b32-9925-473893e33a9f,2025-06-21 00:00:00,link
4ae4a978-7163-417e-8944-c68ee94a614e,420ad0de-9c2c-4697-b698-c5d3399eb306,871dba56-c9f0-49e0-a996-e23908c168ce,2025-11-17 08:39:45.719577,manual
4aef6bcc-bbd7-4e64-9e9c-d41dd117dc69,d8ae0379-4d80-45dd-ab48-24821b0a24ec,3b421b6d-a37a-4340-b27d-1d89dfa370f9,2025-04-15 00:00:00,manual
4b33c26f-104b-4f9d-a510-8e91b1ed575f,3a95af1d-850b-4818-a379-f5d12f7a9181,e38b3e51-b215-431d-a6ae-7dd14c91717e,2023-09-10 00:00:00,manual
4b3ca7fc-6013-44b2-b37c-6e21bc7efd2c,f052624c-43e0-4088-b84d-a3b7ec01dc54,67260a9b-4a15-4dfb-9c52-c8882df6c63e,2025-03-04 08:39:45.692744,link
4ca5ed8f-af97-4783-a5d4-9fa8d6d00899,82fac26d-2be3-4624-842f-73b74c7f6d98,7840ea91-526f-4c49-9f51-b8d575593ace,2024-06-28 00:00:00,manual
4d316a7f-0769-4009-aae2-9cf395ba921a,ad5f2272-be9b-467b-966f-abbf917fb623,d1f61c0c-edf2-49bc-9b49-6fd0681e5316,2024-03-15 00:00:00,link
4d44975b-aa45-4ab3-bc41-3e51ca9c6b4b,28b75718-dcc4-468d-a651-2520e2a56d65,e8526a19-3508-44ad-9762-c37ae3c63d77,2024-04-23 00:00:00,event
4d8dbb3c-4390-41c5-afab-3ac523ea990c,e8693f7e-c9f3-47eb-918b-cb7bdb711aec,c90833c0-4806-48ff-94cc-8b429bd9bd7a,2025-06-12 00:00:00,link
4da641d7-6d63-4b7b-9098-146745a80cfe,c710a691-e490-4ec0-acfd-6cd9d64147b7,de0f2413-52c1-4a2e-bbed-2111cedab261,2023-11-15 00:00:00,event
4daa5afe-3e67-4395-8484-b689983db9af,410fa169-fc21-4c6a-b56a-29c5d579e97d,d806f6cd-c337-4326-9370-4ba1d064a6d0,2024-02-16 00:00:00,link
4ee69ec5-004e-4526-8632-b089d7ad7c72,99d27ff8-de63-4e35-9bc9-6b84074e871f,3959f28a-dfbc-4c20-b8c2-c7cc1cda837d,2023-12-22 00:00:00,event
4fbbbef7-6a47-410a-a607-043537d32300,8829f885-6129-4c0f-8526-9cb4652de097,72f246cf-48f3-4013-aeb2-e3636ccebf6a,2025-01-10 00:00:00,link
50e445c6-1472-4e78-bfdc-869b69af8781,157ac65e-9acc-41e3-8194-d0e6b0fee253,404bdacc-8b1c-4062-a8ba-4560deed497b,2025-03-17 00:00:00,event
5200b7f0-621b-4808-b01f-8211a0d28088,d4762591-c36b-44cf-a8f6-de5f90a682b9,3ee8e075-960b-4bad-9285-a0b87422554b,2025-05-14 00:00:00,link
5275ec7b-f34e-410e-b5e5-214335ddf0bb,98dcde77-b2fa-43d6-a613-3206ed00316a,17e03002-2a14-49ef-8595-68c8a02b0250,2024-07-19 00:00:00,link
52d30108-fd4d-467e-98ac-bc709a92e7e4,e7b814c8-7ff9-42d4-bcc2-e212144d67cd,2714ce02-d9ad-4c76-b327-9b86362984f1,2024-09-26 00:00:00,link
54960532-f5f5-46d5-a0cf-78cb0506f85d,c710a691-e490-4ec0-acfd-6cd9d64147b7,c3cd7028-227d-47f8-97ed-054b534a3cdf,2024-05-27 00:00:00,event
550a72b1-1117-44b3-bf4e-f6610f8b9d42,5528077d-766a-4f76-b93c-1c1026d0aad5,f94c137f-1226-4dcc-9836-1b85de7f922f,2023-08-29 00:00:00,link
55857bf7-c458-4b6d-8af0-080cff6ee812,eeaf82e5-7d1f-4cee-b919-dd39f529c42a,bdf4dee3-f13a-42cd-aa1a-fd27fb49e2ad,2023-09-25 00:00:00,manual
561fc4e3-7927-4bc9-a7f5-327602135572,f0e70f75-05b8-4d51-a524-5391e78d8445,a9740197-7659-4b8f-9470-80a4608c3608,2024-07-17 00:00:00,link
56646ef1-1e5b-4a65-ae28-d904b85af8ca,f06a84ef-14a5-498b-8981-64c372698332,54dc4f21-5f3c-4192-a4fb-933719df5a54,2023-10-28 00:00:00,event
56dbfd54-4ee6-4a2f-8fef-daa2afc70522,0cf81293-7a5c-48e8-b7b8-8a2069a39867,9521d878-2d9f-48c7-ab65-6884567b59c5,2024-05-27 00:00:00,manual
570489f3-5335-4041-94f9-e434a357633e,5a3a608c-ef16-4de8-9db5-ecbcd7378b82,2d9b6320-d18f-40d7-b716-dafb2137cbe0,2024-04-06 00:00:00,manual
57596d99-db72-45c9-8fc1-272c0120b758,a111d6f0-7c90-4bc0-9755-8175281868de,f784b742-4c95-4ddb-b1ce-87c13426e94a,2024-10-20 00:00:00,event
5772dbfd-5426-4938-aaf0-48981d6eb23c,0641295b-ce22-4d25-bd22-235a9c19808a,722fa3c2-b613-43e8-a0db-ff0030cfba64,2024-10-28 00:00:00,event
59eda8bb-7d56-4fb2-8e52-c9b8e14747d5,a83c52a2-f547-4fcd-aa6d-a193cb2866fb,416fb38f-a344-4b39-ab96-261f5d126fc9,2025-01-12 00:00:00,event
5a4e0415-2ab3-4e9e-bc49-c7185e2591e1,7fb68c77-cb7b-4656-a97b-907f068a16be,e15a678f-dc7b-4755-8c1c-fe8c102efe32,2024-02-14 00:00:00,manual
5a5a4f43-af20-4276-a87d-572a671a348e,cbb2c2e8-a23d-4c73-92d9-f4f8d2bd2319,14651697-8629-4439-a39f-3782ebe4a17f,2025-05-12 08:39:45.692744,event
5ab92f36-1650-4764-8966-fd0352492862,dd5661c5-c91c-4fd0-8a29-eced81279e83,848232f1-1cd2-4111-878a-45f7de8c8d5e,2025-08-19 08:39:45.666544,event
5b701d52-3aa9-45cb-b7c3-b75f167a0e6d,eca83ec7-cad3-47c9-82a9-01dca8cc6cfe,0ad91275-dce9-492e-b6f5-330111a54564,2024-09-21 00:00:00,manual
5bd07242-47ce-412f-a390-2c3da7cc2599,606b64c6-a910-4659-b126-7c1b934e9978,f73b0132-b812-4a0a-b779-baaeee1fd2ef,2024-02-22 00:00:00,link
5bd592ee-2009-4213-be5e-4317224e9ebd,ca29c124-866f-4f09-b5f9-03885f5babb9,79d37ebf-dfe7-43a1-96ab-fb99154550c7,2025-04-17 08:39:45.712271,link
5bee8f90-2a47-45e1-b823-cb7ed9bfedfb,cba45ba3-72a6-4c86-ad93-6d225f4700aa,7e02fa63-f7b6-4dda-806f-31c36408b74f,2025-05-10 00:00:00,manual
5c982d47-53d7-4736-b0be-661edb4a2c04,de0f2413-52c1-4a2e-bbed-2111cedab261,2db0bb95-91e4-4b5e-99b7-cd1f8ab72983,2023-09-09 00:00:00,manual
5ce059ac-4b40-46e3-b4cc-d24e1afcb9fc,bdf4dee3-f13a-42cd-aa1a-fd27fb49e2ad,11c7509f-1571-4298-af6f-c1bc99c68ee9,2025-07-22 00:00:00,event
5de46175-f7ad-4e7b-9fe2-4ce111d501f0,c2ec2419-cc6d-4697-a51c-9a3135086963,2704331f-9fd8-4cff-a117-836c0d78fd3c,2025-08-11 00:00:00,manual
5f48aee5-c62c-4286-9d60-dec3ee00158a,54dc4f21-5f3c-4192-a4fb-933719df5a54,5d105a05-c355-4704-ac43-81e0b06b0d53,2024-09-20 00:00:00,event
5fc72892-2e53-4ce7-9346-589d89b4532f,899e8b18-1f43-4ac1-98c5-93932d92f53f,c9e04776-af47-4fe6-8dc9-65d596100bb8,2024-02-26 00:00:00,manual
5feffd24-23ab-4c39-9633-06e324509b3f,4925adfe-cb8c-402c-a7c6-f57bea9ef339,01170fce-33a9-44c3-8990-1891c89b08ab,2024-04-30 00:00:00,event
601b205e-e254-481a-a32e-30b61311b76e,cd7d18b6-31b2-4362-81e8-fb6a08ea6745,45765bdc-d12d-4a45-a2aa-f58644fd215e,2025-06-29 00:00:00,event
60345510-d399-4daa-90b8-96515cadc323,656db031-4b53-4d6c-ab60-a008ad0e1b33,864df466-8d4a-47ff-a494-328e4138f200,2025-08-14 08:39:45.721124,manual
60790680-4161-4364-a3ea-84a95d63a3b6,8918abdb-551c-46a9-a286-6eb0be062f06,738e5d65-3984-4111-a233-9a5a5876f387,2024-03-01 00:00:00,link
60e59194-834e-4de4-9c34-d00f0c174c7b,fa222611-5f65-494c-bbde-f2519c6b13ba,3b158c6d-820d-4545-9f8a-360bea3a2804,2025-05-23 00:00:00,manual
61db9885-eef7-442b-9758-d95ed1cf5dd9,c2621d77-c50a-489e-8458-e08bd895e046,dafbe5a4-f72d-4e5e-a39d-c594d0204109,2024-04-22 00:00:00,event
61f0aa7a-0126-4be7-bb05-a6f0aa2258e8,4b62745f-79af-4d98-95c4-4ffb0e5d6766,ded02442-a6b2-4184-9e7d-e1629abca6e1,2025-07-18 00:00:00,event
6241a4f6-8d91-4e36-8663-dab38a968fd9,2d07d31a-e76b-40c7-8aac-69d0f66b5312,57af099f-7593-48fe-aff6-9219bf7bdd24,2024-06-21 00:00:00,event
6247fea7-fc72-4b03-85b6-53601a8946ca,8b904a9e-b01c-4d0a-baec-3d6e626c3622,19209e14-434d-440e-acaa-9310d23b6f45,2025-02-01 00:00:00,link
62c97387-4f25-4227-8dc4-36f123506e55,fb898339-208e-486c-aa32-5974b47b3f6e,48cabd7f-0340-4676-a9f2-2a096a9cdf9a,2024-06-11 00:00:00,event
638943f1-f636-44f9-b39c-96ec157e9a9c,478b87ed-bc00-4481-8e46-496740317174,db30a29e-1c37-4b84-9c30-d868bb4d81da,2024-07-15 00:00:00,event
638ef0eb-4c6b-4cca-a2d2-87be6ce09c43,c23e3d8d-7db3-4cc1-a4da-87a87209c30f,b936ee96-8632-462a-ada6-9d4d533b434d,2024-10-03 00:00:00,link
63d114b4-3700-40a6-b19f-bd3fd1cee4ca,bc4112a1-243e-4cd6-afa1-931a9c2c1325,46c39309-6492-4202-b934-a866f492cd73,2025-06-02 00:00:00,manual
64607cc1-7c67-4778-85b5-788a168ecd7b,a1324167-56ea-41a4-9a19-053bdb057d12,6d25fd17-1aef-4d94-aebf-586602b63986,2023-09-29 00:00:00,link
64aa60c9-036f-4194-9533-6d99c6f8c465,cba0f848-bbe4-482e-bfba-7a77f6bf6646,3be3383b-990e-4677-bfa5-dab91f017c7a,2023-12-29 00:00:00,event
668ee8ec-ddbe-4493-9c83-b1cb3e1a17ad,eb87508b-f4b7-471c-a18d-013d8779f1a9,c41955f5-9513-4e99-b07f-552300997897,2025-05-21 00:00:00,event
66bc0f7f-4f4f-4a80-a4a4-7a5bdb30d6a9,4d25ae34-3926-4ef4-92ea-ff3ff06b26f5,8b46c6f2-19e2-430c-8b16-402437c43d55,2023-10-30 00:00:00,link
66ca9d87-1663-4c57-b92e-93845c81bcba,10b493ac-5c91-436e-98c1-57a0283dc589,376052f6-ff79-4123-b74e-209234a0b213,2025-05-18 00:00:00,event
670f8c5b-7f60-4835-b572-679782c2d78d,943c953a-9774-4e9d-9f1f-2a4ad560c7ab,2dbdf825-9ea4-450d-957c-1d119b2e05c7,2024-02-11 00:00:00,event
6734b3b0-91a9-470a-a390-49f6609ec628,3fafb65b-27ce-4d14-b3fb-09ef4a60362d,a3d97332-f6ca-4aa1-a023-118bb35e74ff,2024-11-20 00:00:00,link
674ac521-742a-42c4-af2d-5d5f788e46f8,9e1bc5ba-c19c-4e80-bc29-97cb6ba09d4a,388b3e25-9421-4fe7-8eb2-8b2025274a39,2023-09-15 00:00:00,link
677ca036-39dd-450d-872a-c1de95991c8f,037be562-0921-4828-a51c-e788ce5e37ff,e6047c44-ae02-4005-b197-3bc46e03d15c,2024-05-23 00:00:00,link
67967160-0a89-48aa-96a8-1e0b9352ec34,44a4bb18-87cb-404b-8bf7-0838bd52d1a8,23b0d32b-f83d-474b-8315-2f9935e246df,2025-06-01 00:00:00,event
68f1ff15-9f05-4105-88fe-973f4e4579a3,020e7cbc-2b2a-455f-8bfa-fa9e7156bc41,57d12c08-e268-4923-a4d0-34d5939a18e0,2024-06-22 00:00:00,manual
69d9422b-fcf7-42c4-8cb2-b1acbcebbe0a,1c815e5f-1ef9-4a96-ae87-1ddfdb57650f,1d9bf402-6cff-43ad-86a5-e9df913d4f74,2025-05-06 00:00:00,link
6af00330-4144-4d37-93d9-774c11f868e7,dee2ce38-e75a-40c7-acad-94db96f87e84,65cc244f-f8ba-4e7b-9040-62b2da2533c7,2024-09-19 00:00:00,manual
6b535a4d-f7f9-4848-96a3-b72a62118b97,2b0a442a-b66d-462a-8665-6f26d5fef0d4,a0f55c8a-8e41-48aa-96e2-33ff64a5c9b3,2025-02-09 00:00:00,event
6b74c9cf-af7c-4f59-b998-90568b24637d,3ce5f49a-1a6e-4439-a0b8-badf2c3d3524,2714ce02-d9ad-4c76-b327-9b86362984f1,2024-02-08 00:00:00,event
6be189b7-75f4-4c02-8236-54e68b6a1ce7,608ac43e-ed0b-4f70-bbc4-3246df894656,e15a678f-dc7b-4755-8c1c-fe8c102efe32,2024-07-01 00:00:00,event
6c50c487-8a62-46ca-9864-091b932d1ff7,00d3e7b9-a9c2-4fd5-b3bb-1440c6f2cbe9,b8313ad3-93c9-4696-971f-f7e27c817318,2024-08-20 00:00:00,link
6c58cc16-e092-41d6-89ca-50d10aac62c5,a83c52a2-f547-4fcd-aa6d-a193cb2866fb,4e2a50dd-c749-43be-b1a4-975c0338074d,2025-08-16 00:00:00,link
6d8b11b0-4692-48d3-9339-3d3d135cba0d,ed00ad05-a679-4a2e-8e56-44a1a01b9363,dd70c18e-7036-4b1c-99d4-6ac28fe3c24d,2024-09-18 00:00:00,link
6dcff6cd-f2e3-4591-91ed-0e7693ac9854,79d665d3-26ec-4608-8441-9c01986bc12f,e59b3347-c2d5-4419-a24a-ebd2344e68df,2024-04-28 00:00:00,manual
6de488a3-bc19-447b-b883-cd75bf934cdb,52f85071-0b33-416a-88a0-4d89130353d4,c69bf53d-4765-4217-9309-0fbcaccbfdca,2023-10-10 00:00:00,link
6df9509a-618a-40b6-94ab-64fc0eed521f,d3a06a2d-1401-46ba-aa4a-14641d2c8c6b,94c97915-363d-4db2-8cf9-f7ed59047192,2024-03-25 00:00:00,link
6ef23a32-739a-4f9b-9992-1bd0c61afaf2,769f1f98-185a-4d47-b69e-4b033e4d2b3b,069081fa-e46f-47b7-aa16-619ad3671862,2024-03-10 00:00:00,event
6fc3e204-0356-4232-a6b8-af3b4123af9f,3af8f95e-ad1c-48a3-ae06-29c7e56ed572,cc80dd2c-7239-4612-84c8-40f9e131a70c,2024-11-09 00:00:00,event
70975a2a-02e5-404e-8d83-e9be8caa5b51,1653db57-504f-443e-95f9-efaf04ccb8cd,7a2eaa46-8a10-4586-a17d-e9b94530250a,2025-02-19 00:00:00,manual
70e0b5f7-3628-44ea-86d7-3ff6149555e6,f18742c4-db8b-4efa-8cf1-469e1d6e356a,cce41020-05d5-4452-bb45-35a4203cb747,2025-03-31 08:39:45.680872,event
70eb3ae5-0746-4004-ab6c-ad604cd4988f,e9ce3f86-3a6d-445b-b65f-3e711a8b98e6,133a007b-9784-4920-a5a9-9ea44cc1174d,2024-07-11 00:00:00,event
7146d8ff-45c9-4aac-bbb5-bb029f10cb28,96673557-d4cc-472d-8dfe-66152db70cac,c4c2dd39-8e09-422d-b376-addf54c392bb,2025-09-10 08:39:45.702315,event
728d1a7d-7138-4a3e-a955-3da409cbab95,3ee57d67-7a56-4b53-86d1-9b8d346f25cf,c494576f-5cbc-4050-a27a-61e5b36b75e4,2025-07-08 00:00:00,manual
73102f87-0b53-4dcc-9998-345439d784ce,3fa705aa-f883-4f7d-9e6b-9076be84ce43,dad66b35-abae-4363-b38b-b84e0bf7e086,2025-05-26 08:39:45.677521,event
73a125f4-3ef2-407e-8e1f-08d0615a1ad7,455148b5-f388-484c-9b96-4319bd188557,3b7b9138-780e-41c6-8cba-32b3b95c5136,2023-09-10 00:00:00,manual
755898ae-befd-4d08-a33c-22a82d0d3e92,3708ef1e-550c-4180-bd11-4258496e0dc3,2266a0ca-1d55-4af3-984c-297ada1ae07c,2024-05-23 00:00:00,link
7616aee1-65a3-488a-8a17-7391037c6fdd,11e3a800-8996-45a3-856f-a73d49ddaa84,8a3c4bf8-c292-4711-9331-b35221ad3629,2023-11-13 00:00:00,manual
76529262-e59a-44c5-a00d-a37e79dffe27,61965c1a-c8c8-4f22-a1a5-7f09019c8779,179a078c-de8f-423b-b2c5-127c5ddfaa57,2025-10-20 08:39:45.700041,event
768ca0b8-27d8-4c89-aa55-bfa21c27f9ba,ef914cbb-52d6-43b3-aa9f-b6e772b62903,5bffdb65-9ad8-4439-b35c-f9ededfcac60,2023-12-06 00:00:00,manual
76999a3f-5993-484f-b28b-9ff36cc66e60,ffa95ec2-5546-4bef-b196-cb9cd63820c7,d0a73205-fd69-4997-8000-3e901219b4f2,2023-12-26 00:00:00,manual
76bea801-cdf2-410a-91ec-b3a549835e27,555f67ff-06ea-4f5b-a740-42521c87e538,d2e12620-cef4-494e-af1d-b239b4f1a892,2025-01-21 00:00:00,manual
77799d64-0e9b-4e7d-9061-b5f30884b013,a912d7dd-4259-4601-a565-959acbff0953,1437267d-0c5c-4ac8-8b0e-10cdfce02c71,2025-05-02 00:00:00,link
77cefa36-b19c-4d97-a422-765c39c0aaae,3c6d6df4-fd43-41f7-a2c1-ce517a65cb3b,534b4a51-0592-4546-8887-1fc5c26f0bcc,2025-02-25 00:00:00,link
791f46da-dccf-4647-baf6-c3424299bcd0,c8bbdbe3-2ec4-4022-84d3-5ce987ea5daf,e57c544a-160a-4db0-9ef7-8c409f45d525,2025-08-09 00:00:00,event
797c964e-b83f-447f-a4bc-fca61ad9712e,934aa4c3-dcb3-4fae-a0a2-9e0546f840ee,39c0f010-b8fb-491a-85db-78182780d6dc,2023-09-10 00:00:00,manual
79b37cb3-83c8-47e9-b60f-f1e9133c4d8c,c382a45a-acd9-497d-bfe5-1d12336590c8,721d044b-385b-4fd3-badb-14b4d016aaf9,2024-09-24 00:00:00,event
79cf18c9-c121-4b7f-8dd6-6d281ce69fdd,0496be7b-16fc-4c98-b744-4158eab6da46,ccc54d79-fa45-4eca-af0a-b54933ad9e9f,2024-01-22 00:00:00,link
79d90f91-6b5c-4d4f-9c26-8f28a22ab296,ccae97b6-bc2c-455e-9236-f902353fbf5b,65dc13fb-44da-4b9d-b210-da6be27c0965,2025-05-01 00:00:00,link
7aa3f55d-c41b-4f94-a1ad-d212c04f728f,211c5f89-4b95-4b07-8f1b-1abfffbe992d,0b113918-d94f-40ee-b572-3b18a96579ce,2024-06-27 00:00:00,manual
7acecd8b-080e-4f29-9e21-734d7e6e9023,5422a619-8c00-48c8-a635-df3fbe100373,f0efc164-22cc-4aa3-a456-9fa10d70011e,2025-04-30 08:39:45.711085,manual
7b93c1d7-5c37-4527-bf44-5df5a047a164,fd3e0ae4-9422-4be7-bef6-4f17e68dccb6,ae500cd5-1cd6-4bb8-b33f-83aa2a837ca1,2025-07-25 08:39:45.72494,manual
7c3f99d8-4db2-488d-a4b9-5e0f757ef5dc,2e48d2ec-3f38-4f2a-ab29-8d5860a39d4c,d697e430-024b-4afa-97b4-322772aa2537,2023-09-26 00:00:00,link
7c48e8f8-9ed5-450e-8b8e-6803b9178b0d,1d9bf402-6cff-43ad-86a5-e9df913d4f74,c3cd7028-227d-47f8-97ed-054b534a3cdf,2024-08-16 00:00:00,manual
7e16c4cf-3f9a-49bc-8370-dee6b46e64ae,c20542b0-a3d2-45ca-a121-f6296ef5ae6a,8b8d9716-7635-48b3-ad79-25f8dfee94eb,2024-11-25 00:00:00,manual
7ee43412-9375-4380-9dc2-9a4e3008d0e7,70415692-1554-4dfe-9446-aa68827a8b6e,0e6153f5-edfd-4536-982c-6e86318ca951,2025-08-09 00:00:00,event
7f50ab85-b6e2-4e22-a97b-455f63dd7d62,44495928-0d83-48e2-813b-4e2fa675e710,736e4593-5806-4745-b109-9a65677529b6,2023-08-27 00:00:00,manual
7f80cfd3-9374-4dc8-aee5-d45d44fa3495,dee2ce38-e75a-40c7-acad-94db96f87e84,7ba78894-c1f2-4a33-aa1e-3bf8fcba70f2,2024-04-18 00:00:00,event
80423f0c-5ae6-4b6b-8eee-f296939f5c10,e8da460a-e6b9-48c2-b231-c1e0463c76fe,d9dfb3df-3b72-4db5-bd87-c589c08f674f,2024-12-22 00:00:00,event
80abcf14-cb22-430c-aaeb-599ce36304fc,9d804c3d-a4a4-4dea-940f-60c0d7b74419,a5007a50-6ff0-492c-8811-bfb2979e6944,2024-10-15 00:00:00,manual
82004be9-a400-4821-9904-b0504f33ca0e,9fb66deb-131e-4a50-92ec-7800774efade,ce2087b2-3929-4186-aa1a-d382ea512fae,2024-04-14 00:00:00,event
82b3d8dd-7ab1-47eb-bf40-5af502618e22,e38b3e51-b215-431d-a6ae-7dd14c91717e,d79fb4ee-2c09-4936-8679-e76b5a9eba51,2023-09-07 00:00:00,event
82f19566-b36a-417e-be88-1d65eef09bdb,0c5539c4-61cd-4fb9-bd5e-e210e9e41af6,fe61ad2d-1e45-4257-b8a2-82f3c064fd4f,2023-10-22 00:00:00,manual
836b815d-c961-4163-8225-226863485538,00cba771-fb33-4590-a41e-b4140ec0c527,907689da-f0c0-4781-bb20-f958f730d4fe,2024-08-28 00:00:00,event
83d3082d-7387-4c1c-ada2-5f860571dd36,2852573c-f4bc-4907-8202-b5be8a0ccedc,01170fce-33a9-44c3-8990-1891c89b08ab,2025-04-02 08:39:45.684783,event
845a54f2-1d9b-4a3d-a6e2-811c7d35ff52,6df91c5d-d64b-44aa-9cd4-3cea7a81c626,1ca624e5-c0fa-4e94-aedb-5c74be4f79f0,2025-07-30 00:00:00,manual
84892392-64c4-4f39-87e1-065990657da1,dc65e0ca-6293-4ce4-b0b7-61d22044d376,32aaa29b-5a3f-4a84-89af-566a59aa3956,2023-09-01 00:00:00,link
84d0d191-75f8-4a96-baee-52d3f60e2305,85296b27-7956-4dec-84d7-b2674913a3e6,64fa859e-c631-4a55-b9a2-851238e4c30b,2023-08-29 00:00:00,manual
858c0671-6aa3-4ecd-b88a-c4c551ef9014,65cf1611-969e-42f2-856a-b3178c362dad,239fb45d-d42a-4bf3-8e86-79d3e552684f,2023-10-30 00:00:00,event
85d5d938-ed5d-4e1a-b56d-e0e92bdb0272,2f682037-a568-495a-b7a1-1ea3412c62f5,e09dd95d-1732-48a0-9aad-2e617a24b111,2025-06-20 00:00:00,link
864b9a49-393e-4804-b08c-3a8224cc3ed9,d20c27bd-bd15-47d8-9cdb-669d2d5b8cbd,fc96e975-d058-4613-9b38-b9b36cad8b80,2024-02-04 00:00:00,event
865faddf-6c98-4753-9a41-4371015e1a6b,769606be-a02d-44f5-a557-6884d2fa1729,fad2e532-2541-452e-b5f1-83c43ccad175,2024-12-05 00:00:00,link
8672caa1-106f-4c56-aa26-cf56b6f98cf5,b6dc69cf-ec03-4910-89aa-5230686eeee1,f7b53c95-8860-41c7-9311-f82c3ca9a3db,2023-12-14 00:00:00,link
86abf846-5e21-4329-a79e-813ec0410720,431c5776-506e-41cd-b6e9-fe6d6ea0796c,fdb1a245-2915-41f2-937f-ed8cf093c359,2024-08-03 00:00:00,link
86b3e00d-a16a-442c-af91-8b4061bd1445,fd103237-eee6-47e2-af79-0220cfbf6c4b,a4c83137-3ef5-46a8-91d1-2483bd35d93d,2023-10-31 00:00:00,link
86f67c78-b2e7-4090-b120-18b95dfb5a0f,becf4ec6-9db3-4aa3-aa0d-cb032556c1fb,a1782b4f-cc13-4728-8271-b82e444c4c5f,2024-04-13 00:00:00,event
8740f1f8-374d-4242-8ce2-9541352b2b05,5255f399-e4a4-4b74-bfc0-e11a84f91f66,0850b612-3950-41e3-8ce0-11737d091b64,2023-11-11 00:00:00,event
875bbc52-4c7c-4780-817d-573ec5587672,eac0337c-0285-4b7b-85e2-4c0bf6db1dce,ae408ba4-4e3e-47fe-808c-7f7f4123391f,2023-11-15 00:00:00,link
87b7de7d-0513-4ed6-b728-728961188098,9cbc078e-ce91-43eb-bd13-c0cdced2c8df,30b4d3c8-d001-4018-8cd2-4ecf672d5ee0,2023-09-13 00:00:00,event
87d21cfd-82f5-4c39-94fd-649f09905ce4,4feb4ba5-a1ab-44fa-ac85-c034e091192a,11e3a800-8996-45a3-856f-a73d49ddaa84,2024-07-28 00:00:00,link
883ec3de-489e-4171-9b4e-e022f8eb3417,265670dd-1041-4fdf-baa6-ed98ae563536,7fbfc2db-7784-43b3-9d25-127cf8974382,2024-12-27 00:00:00,event
8947c945-2e0d-4b1d-85d1-8f0ac535c778,b6a78550-3642-49e9-828f-74f86c8fa6d1,f4857e78-ad41-427f-ac62-e03e90988960,2024-01-27 00:00:00,event
8ad7c941-b9fd-4d11-af3a-de94a09f14a0,3ee57d67-7a56-4b53-86d1-9b8d346f25cf,73320fcd-d6ec-4938-b84c-6546e5e1353e,2023-11-29 00:00:00,manual
8ba05747-9ada-47ab-8be1-e465aec79db3,7ffe4761-7a61-44b5-97c1-766fd90dcb7b,fe6a80eb-7747-41f2-9494-461250dfa1f0,2024-01-07 00:00:00,event
8be9f9c2-18b0-4f67-9d43-aa640442e45e,015c2ed2-b249-4da9-bb78-c24bc01bfda8,6f48996e-6c94-4ac3-98d6-bfbc2e6791e4,2025-01-18 00:00:00,event
8d1d5528-965f-4d1d-9082-f2160b3b216f,0278342a-c105-42f1-a1a0-bae8531734c8,67260a9b-4a15-4dfb-9c52-c8882df6c63e,2024-09-30 00:00:00,link
8da66bb3-17b8-4535-af59-4f4b5785b0d5,84d92b1c-752c-4656-aff1-72bb2f683c01,3708ef1e-550c-4180-bd11-4258496e0dc3,2025-08-09 00:00:00,manual
8e38365a-dcc2-4afb-b84a-2a43061fb689,a87992c7-802a-4a38-9451-968124c4a5d9,0cd47a3a-4503-45bb-802c-b111b43cb890,2024-01-13 00:00:00,event
8e65534c-4292-4e51-bfab-1c600b1c5105,7bbb6837-e9d8-4460-8d72-d54a504895e2,e736afea-97e2-4f65-b042-2f0f2b22407c,2025-05-24 08:39:45.677521,manual
8ed1c29f-b3e9-4f13-82fb-399a24798277,4925adfe-cb8c-402c-a7c6-f57bea9ef339,79d0c8a5-cccb-4e2b-9b7f-5c1754b5a664,2025-03-03 00:00:00,link
8f365b28-6339-4272-95d1-56dfd19b823c,b8c53187-e03d-4b49-898c-50243a201d48,6e454e1f-2bd0-49ca-a062-7679329d7257,2025-07-21 00:00:00,link
8fcaec84-d706-4a64-8ba4-d9740722d110,9ae9534e-9c07-4539-891c-bfcce7d4ff3b,e58910f5-4b38-475b-b689-ae7b3bab459f,2023-10-11 00:00:00,event
90e3af1c-fb43-4682-9d98-dfae035ecf5d,9b7713f5-2197-4b99-9e14-56d8904377d5,416fb38f-a344-4b39-ab96-261f5d126fc9,2025-04-12 00:00:00,manual
913fa5e6-3eeb-4d8e-86e5-799b2ab490af,2704331f-9fd8-4cff-a117-836c0d78fd3c,ac0539f5-924e-4cd0-8c25-d4a957f6bf9f,2025-07-02 00:00:00,manual
9196cc8b-e8f5-4c7f-9931-aebdf0bef335,0cf81293-7a5c-48e8-b7b8-8a2069a39867,8e4da1bc-5b6d-4e27-b867-6405bafa1a6a,2023-11-02 00:00:00,manual
91b90c09-a7d1-4a20-a0f3-8a4b281b1cf4,85b7760a-80b1-413d-a55b-54425c9a47e1,479c6b6f-0d0d-46c7-9622-128775c0791a,2025-02-22 00:00:00,manual
921e0f3b-48fa-49bc-a0ed-c497816bb894,3772c865-81fb-4f38-a57e-c8c001cb7303,ab662f00-8190-4fb0-9f79-e1d6f5fe7afe,2024-01-02 00:00:00,link
92207ee8-645f-45c2-94bd-cb3418966dcb,2cdfec1d-2f33-47cf-a81f-7442578c17b8,8046811b-9f14-4968-8045-96cd82cf7138,2024-11-11 00:00:00,event
9418c408-44b9-4646-9309-68e7cec1f9fe,dbb2a09c-7d1c-4117-b0d7-d8451f0d4c2f,405ed805-b182-4e59-9bf1-de2aa24305e0,2025-05-04 00:00:00,event
9450bcc2-7bfb-43be-847e-fa4fa78ae55b,20252f79-aa6b-44b3-98c8-20cc1086b41a,1af28cf5-4aa5-460c-881d-9f7a684f9fd1,2024-11-30 00:00:00,event
94ac5c16-b902-40d5-a899-59e58fa0cb2e,6fbd2461-da38-4274-9625-22efb63951d9,dad66b35-abae-4363-b38b-b84e0bf7e086,2024-12-06 00:00:00,event
9501889a-f8f3-4439-8c4f-a32b3494060e,5f8a6ea4-f0a2-4b98-bbbc-3503bb1d120f,d83f274b-b3d3-4ccf-a0e2-d73e92fe06e7,2025-06-12 08:39:45.719577,link
9545fcda-3d0f-4c24-8f5e-f6677216c1c7,048326c0-b939-471c-9a6f-f80369497a2b,4dd1701c-060e-446c-815d-bb496dbac2cf,2024-03-07 00:00:00,manual
954755fa-37d1-4198-9af4-0673448cd569,c04b6345-927e-46ac-8e34-09658f18ee34,dad66b35-abae-4363-b38b-b84e0bf7e086,2024-02-24 00:00:00,event
9657003e-ba2a-4811-8761-94a84ac8a11d,8f2df7e0-0708-4073-ae61-327d5c4e951a,e46e3a05-911f-4d33-a78c-7cd9c8d40973,2024-06-18 00:00:00,link
96679761-85dd-4d4d-a45c-4b1fa4bf1e97,de8b37f5-5829-444d-9f3f-53a893f1481f,688a6926-1880-4b54-a5f1-dd81b782c79f,2025-01-18 00:00:00,manual
96a55384-6a13-4065-97af-c018fa3f847b,72d55689-400b-4576-9815-44f78a139166,e358257b-4c64-4189-978a-867e6df10a9b,2024-04-20 00:00:00,manual
96c45442-d2b2-4ccc-bb42-27aad24600bb,c41955f5-9513-4e99-b07f-552300997897,b9a9b600-777c-49e9-9a37-c2371bb8c4e7,2025-02-09 08:39:45.672963,link
9719301d-8543-4db1-b305-347256e3e45f,9f2df0b4-dce0-46e8-b77b-96403206cac6,e34360b4-28cd-4daa-a38f-3093fb550439,2025-07-07 00:00:00,link
975cae91-adf6-4e56-8143-2bd9d0a9f1dd,7fbfc2db-7784-43b3-9d25-127cf8974382,2c966663-2ea8-4275-b666-af7e29533f17,2025-02-21 00:00:00,link
97878a71-90af-4b26-b593-5de5532df319,aca37f3b-c4c8-46ca-b827-c0c282e44451,7ae3254e-4697-446f-a696-1e4820cef49b,2024-10-30 00:00:00,manual
97fb03f5-c562-4e57-954e-63133f6841d6,c88b5fdd-4fa9-4821-a021-a9a305ae1056,abbbe018-e0c7-4ec0-8596-7e9a0ae0b293,2024-03-06 00:00:00,link
98124a4b-f8bb-41b9-98c1-f0aa9f30a2d8,8e477cf9-508b-4b37-ad9f-dbd5a590edb8,4d21c025-7c10-489c-b83e-85d1c3bb8c66,2025-04-06 00:00:00,event
982ce141-49a3-41b8-b0fc-2c64946ee84c,1df81b8d-32ee-4c9c-9120-2c842688ff43,9c603463-f941-4ba5-89ad-0b120fbe2a07,2024-06-08 00:00:00,link
98fc12b1-b60e-415c-a073-00adada1f4d5,bb833c4f-f25c-4d3c-a564-6d194e7e0012,8750c819-345b-48a2-a2c3-93afd17269eb,2023-10-15 00:00:00,manual
9982c0d2-8eac-443a-8bdc-539c7c99fca6,d298b3f8-7634-4682-a538-6c70013e1248,edfc244d-2764-407d-9779-0351eae344a0,2024-09-23 00:00:00,event
9987b268-9160-4de1-871f-a8183d291369,f20cb430-3f58-4a77-9a60-a01433f4ebd9,747f3cfe-add0-4b87-ad78-2a5b57264694,2025-06-20 00:00:00,link
99e934fd-4868-4b1d-abfc-c9ca846abf1b,e930062f-252d-48d2-b693-f2e3b7fd64bf,af025a99-ec4c-489a-99c5-723840442c3f,2025-03-28 00:00:00,link
9b2df700-931a-4798-9685-c9acc5e8a13e,af14b345-3671-4898-801a-937e4abc77b8,006ced9f-89da-468a-9c8c-1a0ef98e8cd5,2024-02-01 00:00:00,event
9c3c0f9e-345f-4073-bc2a-a06cd0278f2a,4a062f89-386c-4e4a-ae63-c3b47c060db5,30496670-dc28-45b4-bf30-6d17450a9f45,2025-07-14 00:00:00,event
9c5466c8-a4dd-4750-af9f-2a5bd06cca47,c9ec84b2-9547-410f-847b-ea0908abf47f,824fc3ba-f6dc-430b-82d2-c92eef22bccb,2024-07-03 00:00:00,event
9d210b42-cd89-4352-a251-7435c23c6948,959b918c-2a29-42c2-a73d-dd5cc91ce5e9,d6b929f4-2852-4d6b-b816-2cf7812b7d4f,2024-11-02 00:00:00,manual
9d2339f7-77c2-4faf-a4fd-51210e63e8da,ba0590d4-540f-498c-82a2-2585c0238075,e1d3536e-2db5-42e1-922f-c6b4ad8484d6,2024-10-04 00:00:00,event
9d478a06-55c8-45c6-b526-524a20f8c180,b542fce5-de2a-4030-87ac-2638d5f94818,c3d56892-a1d8-4e7e-ac22-ac8753436dd4,2024-02-29 00:00:00,link
9d56d247-67a2-4a68-bffb-6a6d3b63b6b2,459b9fd1-dcf6-4b2b-a342-f1da407eaf7a,f8674325-0325-4d58-b81e-7dfe6ec64dfb,2025-05-16 00:00:00,link
9d816f0a-ecd2-4e29-a136-f44d317e735f,48cabd7f-0340-4676-a9f2-2a096a9cdf9a,08b688ff-5974-463c-8d73-78b65024ed33,2024-01-06 00:00:00,manual
9ee323e0-b65d-4a5e-9fe6-d62f51bf214e,298b7709-cb1f-4587-bbf5-c3ff5b49d77e,5397bf90-6ce5-4dc3-afb6-22392306f017,2024-12-27 00:00:00,manual
9f1b6a19-6c9e-4c4f-8723-0328a4a3cd80,0cf81293-7a5c-48e8-b7b8-8a2069a39867,666d0b2d-434b-4b09-9363-6a6b366c0a54,2024-09-18 00:00:00,event
9f38395a-03bf-4a93-b827-634f40298183,2a2b1a6e-c6f0-4894-b105-25387cf2aa8e,31f96637-9136-4932-ab57-8bc686e7b327,2025-07-02 00:00:00,link
9ff6e402-5d58-4e25-b8c1-b6b219aff0b4,05d13956-e1a5-4ff8-9204-2af2f626d2e7,ced3c56d-d218-4429-a50f-3cb41af028d6,2024-04-19 00:00:00,manual
a08955b3-919b-4440-a6d7-ebb7a2e68f36,b1a1a1ed-10ca-4907-93a8-9f43a5d89ed0,78e30c1f-3001-4a92-afff-6d2f029829e0,2025-03-11 08:39:45.684783,link
a124a6f1-a46f-4d44-b1b4-353ba0229e14,fad2d7d8-6105-4b5b-85f2-41de6653d39f,04346619-f18e-42eb-9374-d60fc94bf18d,2025-05-08 08:39:45.684783,event
a2691409-70b1-407a-8745-271f9ea189a2,2e48d2ec-3f38-4f2a-ab29-8d5860a39d4c,e54149ed-208b-4da8-b85c-37d0685ec9a4,2025-01-26 00:00:00,link
a30c7fed-3c76-4f69-a83a-0d546bc11ae8,01d00b8f-8335-498e-9eba-5d8294235b03,1ff2ad3a-34e7-4ead-a51a-8a4512ce576a,2025-04-08 08:39:45.675509,link
a352fe43-87e4-4b8f-908d-ba52ab84c226,e6fb5a7b-29d1-4c42-9116-9d7e3903ff1a,ebd3291d-cb94-4bb2-b07e-4869ece2440c,2025-02-02 00:00:00,link
a37a14bf-d9ee-4f93-9633-7a4d5bf8472b,650ae2fa-1154-4dfd-93b6-322fc8dc0aaa,f7a71c46-6add-433c-b9a3-990b75f54cb3,2025-04-27 08:39:45.692744,event
a41a59fd-fa39-4be1-81bc-9721a087dbe2,fb2f20ed-7071-4d38-a52b-bffb7517e382,decece81-bba0-4910-a795-e6cad31e6d8d,2025-04-30 00:00:00,event
a4593fd5-71eb-47dd-b16c-471bbeca3c04,da889cb8-2fc0-46c5-823a-041505807704,79d0c8a5-cccb-4e2b-9b7f-5c1754b5a664,2024-01-26 00:00:00,link
a48e05ea-d0c8-4a2f-97e1-ecb852a0acb1,518a0c42-1771-42d5-81a2-df1c8691bd6b,575d1545-3d3b-4468-8cf6-389608021e79,2024-09-10 00:00:00,manual
a4b0c963-c301-409f-863d-dffd10c00a79,cdcfab01-aab3-4c54-a130-019575e98add,fc96e975-d058-4613-9b38-b9b36cad8b80,2025-07-19 08:39:45.721124,manual
a5c43167-5a43-413e-8c49-eec246207444,8993350b-dd5f-4dbc-bfe3-fc3c8ae1596d,f4857e78-ad41-427f-ac62-e03e90988960,2024-04-19 00:00:00,manual
a62f7294-afde-475a-8eb5-4753121d9562,74a5b0af-0c1c-49b2-827c-33b0388858b1,30aefd35-cd61-4e9b-80dd-1b6194c6e336,2025-08-24 00:00:00,manual
a6ad1008-72f4-42fc-be49-26352b9c7902,1632dcbc-873d-4a5a-8d48-7040bca9d63f,6f1b4cd3-b9d7-43e7-92ff-5667b28da6f3,2024-01-05 00:00:00,manual
a7beacfe-92cd-4e74-a1fc-d2d32933a538,453f42c0-c359-449d-bd34-f7b704f775f2,bd0b9362-ca1c-4565-af1c-b574adb9b006,2024-03-16 00:00:00,event
a7c1c80e-f43a-47f3-b966-97923f86b770,942aa537-2320-4860-973d-5173d79278dd,dfe5303c-955a-431d-b964-7c134aac2c45,2025-03-08 00:00:00,event
a7cd63a0-1003-41bb-b5bd-ac0124430bbe,d898f586-4baf-408f-9d0f-ad860993e6af,0bb41e3b-7359-424f-b644-945ecc019b7e,2025-05-04 00:00:00,manual
a7edae02-b460-47c4-8cf6-c01c41309c1e,ab7ae623-bb49-4943-9dbd-1dd76623e9aa,62746641-bb9b-43f0-bb85-9c891f463a98,2024-12-21 08:39:45.67104,manual
a84fab73-4307-43aa-a166-5a99a844e308,35e97df2-344e-45da-b822-5b2b728979cc,89ac739c-0249-40ff-a3f8-209f78a681b1,2024-07-23 00:00:00,event
a86ce5e3-3c1e-4f9b-a0e6-e0d88758b393,841aa32c-db5b-46ee-af0e-be32f31dbf66,c898ae70-6be9-4afc-afa3-e68e05273a2b,2024-01-05 00:00:00,manual
a8d755ef-48ef-406e-8bf6-1e2e2bddf8f1,019b7753-5b69-42be-9b68-9d11394df183,69db4a94-2f02-4689-999c-5300dacf8d61,2025-06-16 08:39:45.683355,link
a904ed07-dd5d-4107-9e69-eb2b81a8d662,10e1ef02-03fe-4e56-b660-62229ce21722,18982ba5-26b5-4a7b-a589-18d90a80c9b6,2025-01-06 08:39:45.702315,manual
a94ce74f-f380-4981-813b-326c3fea4a57,2714ce02-d9ad-4c76-b327-9b86362984f1,b8b814f3-858f-44ee-b943-3f13fb6b6281,2023-10-30 00:00:00,manual
aa60a6b0-3b7f-4709-97ae-9244785a1bfb,b91f2ee2-a407-46b8-afd9-64b0df851c77,d0d5eb3f-9819-43e4-93ac-13dafa5571ed,2024-03-30 00:00:00,event
aa79a2c9-ab54-4d73-b62a-c71cfc425c04,39c0f010-b8fb-491a-85db-78182780d6dc,ea639e03-1eee-4984-9dbe-d3381977c8a9,2024-12-05 00:00:00,manual
aa90eab2-af65-43b6-a249-67f13c761f16,84d8063b-ebde-43ad-a92e-9d1bde15ab93,3b158c6d-820d-4545-9f8a-360bea3a2804,2024-05-14 00:00:00,link
aae21283-fa00-46a9-a2fb-bc7d84e176ed,70e4afbe-e0fb-4e0d-9739-8f87aa81d4d8,1207e494-171a-43c8-ab47-25e2a7c147b8,2025-03-08 00:00:00,event
ab20fd19-5a78-48fd-a044-ad2ff28f4ffc,a1cae212-a29d-40f2-a6df-7e7882151a95,604dc94b-2c0d-4310-a30b-26a06f8e7bab,2025-02-08 00:00:00,event
ab5def13-90b4-4461-8f1d-1430e62ec77c,b31f113b-afdd-4355-b447-64da974445a1,65d3d040-2a09-4e55-907d-f4e05106e7ac,2024-01-20 00:00:00,link
aba335e9-c179-4bd5-8e05-ef83a9c91b13,9c603463-f941-4ba5-89ad-0b120fbe2a07,eecf58ab-27a5-4cda-a068-d13130ba3c2d,2023-09-07 00:00:00,link
ac7defc6-0dff-41a9-b1d3-f991155309b1,2d121bb4-7cca-456c-91fa-7b139041aef7,0493bf09-1fff-465f-b3bc-e9733a8c0fad,2024-01-15 00:00:00,event
aca59c4c-afa7-4334-9c79-a1bfeec0da4d,b5b08c71-0530-48e6-908a-9dc8d605458d,7d6eb8e1-f8cb-43e2-b6ee-c5f2fb5a27c9,2024-07-21 00:00:00,event
ace520c5-22c7-4cda-82b2-b969fc5762e6,fd3e0ae4-9422-4be7-bef6-4f17e68dccb6,4d748b14-f240-48ca-a05a-50c9e4ff0d62,2025-08-06 08:39:45.72494,event
ad3dbbb6-09bd-470d-a35b-9d600173f018,cb100999-f86f-44b6-96e5-b74ecae88737,9cac4a37-d8b0-458b-8aad-b2598385d3e3,2025-03-29 00:00:00,event
ad3e95f3-a46c-4752-b721-7531650acf62,c7342c85-c153-4838-a3dc-860bf7afe3e8,d5a1fc01-bce8-45a1-8854-506d52f03035,2024-11-15 00:00:00,link
ad545bec-6cd8-49a5-b09a-b00a5205d9ea,d1c646c0-3b46-4b62-9896-b4a193e0776d,f0a30a5c-f646-4e88-a53f-58d0087f105c,2024-04-13 00:00:00,manual
ad7fee20-23b6-40ea-822a-568a87ffeefa,f0efc164-22cc-4aa3-a456-9fa10d70011e,b628f240-343f-4e34-9325-ec2a8f356a05,2025-11-28 08:39:45.684783,manual
ada9ed92-0fde-403e-bef1-2e3e9450799a,c23e3d8d-7db3-4cc1-a4da-87a87209c30f,57b62f77-e1e4-47d5-b41e-bf776ff8b59c,2025-04-26 08:39:45.692744,event
ae5d5ce7-681a-4c41-bc6d-3a016e00c0c3,3c47cd25-a8a7-44c5-8b4f-c2aa694f224c,4d21ec4b-0bb8-44be-a19c-d34a81be0652,2023-10-13 00:00:00,manual
af40168b-f0c1-4534-bc31-6686012d0eb1,e946e521-be03-47f0-b78d-63196f2d3d1c,136cb770-701b-4a1c-884b-341a497ca7f5,2024-07-10 00:00:00,manual
af6d9be5-d489-4786-b93c-ae22e33b6b65,a8879e8b-368d-4bff-9b03-d699e21d684d,31e370c8-575a-4472-8ae9-acdd5448da16,2024-08-28 00:00:00,manual
b066d31c-8da5-42af-81fd-448a2e34ffa2,e716d28f-b1d9-4e54-9107-6618a13ab5ca,8ef9e2f1-7683-4600-9479-5631b5df573d,2025-01-09 00:00:00,event
b0e01ef2-33b1-496e-bec2-fa9ca60fc093,255c9d24-930c-427f-acf3-9ff42dae890e,a7c749d9-a29d-4d13-b327-d13bc21e8e62,2023-11-27 00:00:00,link
b151b305-69fb-4e73-9156-4028aea5aa5d,b1a15c27-84a0-488e-88f1-b9cc4ef2c1b2,91ea5d72-1d40-45c6-a4cb-892ed1484ebe,2023-11-11 00:00:00,manual
b1b880b6-a06c-4af5-b641-ef5ee4d45748,8314ba31-8490-4871-89d9-c19273850f2d,959b918c-2a29-42c2-a73d-dd5cc91ce5e9,2023-10-21 00:00:00,event
b21f7819-43ee-40dd-be88-73e6adc5d821,0106a48c-dfb3-4b1c-baff-563f33269393,0b470338-548c-4ff3-84ec-b51dfb13c44f,2024-05-01 00:00:00,manual
b247b021-68bc-4e87-a318-8ac2924ba42f,c88b5fdd-4fa9-4821-a021-a9a305ae1056,4ea89c44-3c13-45a4-8c11-ef8c93e050e8,2024-06-04 00:00:00,link
b25ee850-0d6f-4eab-a4d7-9e32eb5ea92b,3827c716-0b88-45eb-aac4-723b83cdc474,7a6cc43f-f920-4a1d-9e6f-eb4bdd354a9d,2024-03-17 00:00:00,link
b2cfb25c-b224-4b8c-b028-451e59f24408,8343fb23-b137-4f10-8431-f112916914b2,ef5e4699-7dcb-479e-8c2d-2de5d8cfecb5,2025-10-19 08:39:45.712811,manual
b339bcca-8532-4d32-b3bf-90c6864947db,887d628b-af3a-4f0b-9509-ea82444bcab8,2643dea1-ccbe-4dd7-ac97-a5a3d7a27e12,2024-07-11 00:00:00,event
b387a776-f4ed-45fc-8cfa-87bd0ebec6e0,214b2e5b-3cbb-48ce-bcdf-cc3e556ae671,19e8ff80-c4dc-4bbc-a310-a044cc15730c,2024-03-30 00:00:00,event
b3ab7f4f-63a1-4811-8c2a-270f8c47500b,6606d037-6e8a-4f31-9aa3-15420358c0a6,9ae9534e-9c07-4539-891c-bfcce7d4ff3b,2024-06-03 00:00:00,link
b4bd86a4-b1cc-488e-8ac6-a549f9dce65f,c6e12252-fd03-417e-8d02-77a7a3795b99,ccc54d79-fa45-4eca-af0a-b54933ad9e9f,2024-01-22 00:00:00,manual
b580cf32-1fdc-4d39-beda-991b98819514,0278342a-c105-42f1-a1a0-bae8531734c8,e58267b4-95c5-4914-9b71-fb3749f8ad75,2025-04-09 00:00:00,event
b5cdc295-22a9-43f3-b8ba-87f423a0c366,5a6af3e9-c8bf-4b65-b599-3b3f4e2791e8,445f3020-c8b4-4401-835f-d2b9438d8716,2024-10-28 00:00:00,event
b61a6de8-74f2-4ae7-b4d5-962afa65dd7f,89ac739c-0249-40ff-a3f8-209f78a681b1,01d00b8f-8335-498e-9eba-5d8294235b03,2024-11-01 00:00:00,event
b673e3ce-3be6-4a3e-9dca-f630fdc47e9e,a01529a2-8a11-4e3d-9a28-f3d6a5708d5a,048326c0-b939-471c-9a6f-f80369497a2b,2025-05-31 00:00:00,link
b71da004-585c-4d5e-b201-442c2d267f5b,3a2b561d-c08c-4d43-b0d9-3f7b9b2512a8,43b5435c-1302-42ea-bc27-5a10df2c1420,2023-11-02 00:00:00,manual
b79dba10-6a4c-4a31-8cc9-811540b28de6,5e360f2c-7b62-4891-b23a-7ca2a1cfceff,c898ae70-6be9-4afc-afa3-e68e05273a2b,2024-01-04 00:00:00,link
b7c4ae7d-1cc6-400b-a058-daddbdb01bd2,1b0a2e8f-022a-456e-bd21-228a0facad9d,4082bb0d-deab-460c-aa28-325641cb2156,2024-10-29 00:00:00,manual
b8138632-abdc-4552-a71c-5e2876c304aa,e3ca4e21-7acc-4620-9158-a6a8699bdb72,e7e7552d-12a6-4d62-b65a-fa09e27940e3,2024-02-07 00:00:00,event
b8bddc3f-1528-4429-93e8-d496ed0d3577,af047bc6-7be7-41d0-a147-e2c9d453229c,43197b74-baa5-473d-ae37-1b3c64e566c0,2025-07-13 00:00:00,link
b8c09189-3a74-4e2c-91e4-f18531fcd860,dd11be37-f080-4c25-8156-06fce3f1af19,52902dfb-c5a6-4a76-8260-4fe657d2fbda,2024-02-02 00:00:00,event
b8da15fd-9021-46ec-89bf-e2ef7facfda3,0f6b61f8-366d-42e8-822b-6bf42cf7ffb5,3a3161bc-78a1-4bfa-82ed-34c800775282,2025-04-29 08:39:45.666544,link
b8eba5f3-1e21-48a7-a9d8-aa7086456714,63b1ff75-692f-4101-af16-96c02d92a449,753dd4eb-cd0e-48eb-9ab1-9694f36d1fe1,2025-10-28 08:39:45.708536,link
b90094c8-9cd8-4fdd-8ce3-b90fcc38e747,a3d6bbd3-14a9-4be5-b677-a015ecb68e84,2fe5c101-7d45-4d43-9760-33b83dbcd20a,2025-02-28 00:00:00,manual
b919d23c-9865-4caa-b116-1a5461bda76a,583ff1e7-c07b-44f2-acb5-d23266975d81,4406f8c8-b5a1-475d-a01d-eff07eefcede,2024-08-04 00:00:00,event
b96dde50-bb72-44e7-8d6d-c8490ae8c651,2ee1265f-5e93-4299-84c0-6ef0f173b6fb,ea258b45-fd22-40dc-b984-b4adac3dcd31,2023-10-16 00:00:00,link
b9a788d3-ff0a-419c-9c56-b602a0be93ff,3adf7f85-695e-4ad1-ad9f-d4189829e16f,e353bc53-160e-4c68-89ab-e00b4b55d2dd,2025-05-21 00:00:00,link
b9fe27a3-7aaa-4ac5-ac4c-d1a3b5bc4149,cbf5fb99-7c6d-49b3-bcc7-08b025dfa0d1,d2f5c7c6-e70c-4407-9fad-18007c933ca9,2024-04-10 00:00:00,manual
bacb1d34-cb48-4aef-9f39-047fd3649fd4,415ba58a-91f8-476d-9d23-e53c300920bc,9919b0a1-e0d1-48c8-8768-36e69725424d,2025-01-22 00:00:00,event
bada38e6-21cf-41a7-bddc-f64ff18bc86a,0106a48c-dfb3-4b1c-baff-563f33269393,35f8c79b-e9df-4a23-86f3-61419dddbdda,2023-11-13 00:00:00,manual
baf2190f-44b5-4a88-bded-76abbc6e5cf5,3b230561-2113-4fc1-8a6c-924399b81ed9,136cb770-701b-4a1c-884b-341a497ca7f5,2024-10-24 00:00:00,event
bb5391b9-a8c9-4b1c-b99d-f16adbdf2356,9fb66deb-131e-4a50-92ec-7800774efade,9cf9d538-54e2-41f4-9b24-eedd8a8e47a8,2024-12-24 00:00:00,link
bbf20b71-2e2e-48b6-b08f-05cb3f0534f1,02566141-6b8b-431a-be96-232fc318b69b,7c71e6b2-2fc4-4398-aacc-d794eb50578f,2024-11-18 00:00:00,link
bc4e9eef-2861-48c0-8ab3-df383ba98eb4,b628f240-343f-4e34-9325-ec2a8f356a05,4947996d-5b95-47a2-93ae-943c5d8be880,2024-12-02 00:00:00,manual
bd071469-4509-4b70-bf49-1ba1cd1f14ae,5422a619-8c00-48c8-a635-df3fbe100373,a4ac44ba-d0fd-46fc-96b7-cbb197bce11c,2024-11-28 00:00:00,link
be05af61-30c5-4f2f-84d9-6341866a1c13,4f3bfcce-c376-4bcb-a8d2-be5c1f7742d7,c1b60a82-1a32-4da6-8139-86da295427ec,2025-09-28 08:39:45.702315,link
beee6358-d59d-47d1-b96b-bc3f6f0051e4,a73e1650-f132-4afd-8386-236dd8820d46,304ea99a-2c46-4be8-a510-5f8138f65faf,2025-09-02 08:39:45.683355,event
bf4865c6-1515-46da-a27c-e9bb3653100b,e27841c1-9aca-40ac-a1bd-6510b0a1e7dd,93e87cef-4d3e-4901-b6a8-4c29842becd1,2024-05-12 00:00:00,link
bfb6325a-a3f2-4b28-8fef-4a6e5d331b15,c3cd7028-227d-47f8-97ed-054b534a3cdf,388b3e25-9421-4fe7-8eb2-8b2025274a39,2024-08-07 00:00:00,manual
c03a9a5e-4344-4e26-a6de-eae9e0adfa32,5a6af3e9-c8bf-4b65-b599-3b3f4e2791e8,aac30ea8-5174-44d3-b103-8892e8bb630d,2024-08-18 00:00:00,manual
c14ae4e1-3004-4007-80bc-b4460d8897eb,23719638-0d53-4da6-817a-cf37034d97c1,c6a00161-86b7-44f6-b088-57742be3b16a,2024-06-26 00:00:00,manual
c1e03aed-db0e-4c76-b69b-094fa198772d,871dba56-c9f0-49e0-a996-e23908c168ce,4bfe2974-69e8-4c1a-a4f4-6c66839a1428,2023-10-27 00:00:00,manual
c1fcdad4-b568-4c6b-b88e-62bc0fac55fa,cf57dc6c-144c-4186-9239-234b73974baa,f6ccd5df-76a0-4786-8d8f-426e0297d713,2023-08-27 00:00:00,event
c3298c02-de9b-4c80-adc8-0826aed8ea42,fe091807-d498-403d-a821-8b4b1ab5211c,a310ee6a-1f7a-4d8a-b2bc-e266c9e14e7e,2024-10-31 00:00:00,manual
c3359129-7b12-4b09-9ed0-38d5308db70b,4dcb45f5-74e1-4500-8278-c24eabb9bffe,3777d4dc-fb4d-40be-9ba0-6ee697af2441,2024-03-30 00:00:00,event
c36189da-2ac8-4de6-8d1b-f3e7cf6f31eb,19b745bf-28a5-48a4-bc1c-91ec64bd8427,e34360b4-28cd-4daa-a38f-3093fb550439,2024-02-26 00:00:00,link
c3f6d805-22f4-4587-8236-fa690a261c9f,2f5ce024-d518-466a-9b3a-f0b373c6f23c,e58267b4-95c5-4914-9b71-fb3749f8ad75,2025-04-13 08:39:45.702315,manual
c429c2f7-d5a1-42d4-9304-8dbfabd099ca,5087d838-7069-4676-80de-9914fee3eb7f,c85c27ac-4ee2-412c-baae-ed53f43c2de2,2025-02-07 00:00:00,link
c48b953d-e568-411b-864f-f5f5d65faffb,f052624c-43e0-4088-b84d-a3b7ec01dc54,e19b0f5b-b2a5-4fff-8062-41c8f44f4afa,2023-10-28 00:00:00,event
c4e4c44e-35b0-4fe0-a422-223c5b7b0c9f,14895d8c-588d-48b0-b438-1fd4d8ca5a55,fd5d4e43-68a0-44ca-8e29-db2f47bed9dc,2023-10-18 00:00:00,manual
c5c3b68b-8fa9-4ef5-a08b-51ce75734f16,82381eee-2931-4ab0-83f9-23b0a2847b60,3e9abcf9-9065-447f-b151-415b34599e5d,2023-12-24 00:00:00,manual
c5c4259f-da02-489d-889f-fa592871cbe9,923bd22b-12f5-4630-ab02-29c386695647,e57c544a-160a-4db0-9ef7-8c409f45d525,2025-01-24 08:39:45.692202,link
c5d0f67b-ef07-4042-b67a-dc05d12f5bda,4b4f894c-905d-41e7-878b-1a9e84237dc9,fad2d7d8-6105-4b5b-85f2-41de6653d39f,2025-07-22 08:39:45.712811,link
c633462a-6344-451f-86e2-4d16188bbae2,b9a9b600-777c-49e9-9a37-c2371bb8c4e7,d898f586-4baf-408f-9d0f-ad860993e6af,2024-02-26 00:00:00,link
c6c45a76-215a-481a-bb0e-756ce5a89e57,d485b442-5ccb-4698-934a-6785d5ed510a,2cdfec1d-2f33-47cf-a81f-7442578c17b8,2024-04-27 00:00:00,event
c70b3853-e377-49d3-8745-dac97787f328,17e03002-2a14-49ef-8595-68c8a02b0250,a1324167-56ea-41a4-9a19-053bdb057d12,2025-02-20 08:39:45.72494,link
c789b498-e452-436e-a83e-8163f74ad325,45b9d21a-2d20-4201-a60c-35a3f671b90a,f169e676-dfa2-4bb2-8988-1b6de6c86faf,2025-06-27 00:00:00,link
c7f82e25-333c-4239-8b87-f977c2e43a72,4a497085-26d0-47e8-bd9e-2d6032b76f62,7e10f7e5-da7f-48f5-8126-aec6b0490c72,2025-06-12 00:00:00,link
c803a0c4-9a11-45b1-b340-ff165c1eef8c,405975b3-353c-48f0-aa5e-78c05664b514,afaaa1d1-77dc-4602-bdc2-95c2671ede81,2025-07-24 08:39:45.702315,manual
c8b2c77f-571d-408a-99ef-0688b97f63e3,bd0d0386-ff02-4fb0-9394-847efa271303,6606d037-6e8a-4f31-9aa3-15420358c0a6,2025-07-01 00:00:00,event
c8ddd1af-d507-4060-ac45-84ad603b7dae,decece81-bba0-4910-a795-e6cad31e6d8d,652c3e1b-0b12-4469-a5ac-5b123617766e,2024-08-16 00:00:00,manual
ca673880-9760-408b-b0fa-29e1e1640887,e0dbaaf1-dd2a-4196-aece-07fa798e361b,7ffe4761-7a61-44b5-97c1-766fd90dcb7b,2024-12-26 00:00:00,manual
cafa3fc5-6fda-4052-862c-0709bcd635f3,c5c1f02c-e225-4743-9687-5711d1000211,afdc65e6-8168-47bf-a7a6-1d52b55574c3,2025-04-13 08:39:45.72494,link
cb10c7d5-81db-42c2-a287-dbeb95f7a94c,a981eccf-4f37-4362-a091-8eae42c7c680,9dc2282b-b259-4048-a57a-84a2c88fe46e,2023-10-17 00:00:00,link
cb79bbd4-3050-4b60-a026-41f104275a5d,a3e86fef-69e6-498b-b035-2ba04d12537e,84d8063b-ebde-43ad-a92e-9d1bde15ab93,2024-10-12 00:00:00,manual
cb7cd99b-0f1c-412f-9976-cbb67621dbea,f0e70f75-05b8-4d51-a524-5391e78d8445,3b421b6d-a37a-4340-b27d-1d89dfa370f9,2025-02-12 00:00:00,event
cbb9b7f5-f05f-411b-a5f6-30ba76c60319,71d0f278-a5ac-4d10-ad46-809ca9e48d3a,af14b345-3671-4898-801a-937e4abc77b8,2025-08-30 08:39:45.684783,manual
cbe71f3c-81b4-4059-b330-9f532260c453,f0e70f75-05b8-4d51-a524-5391e78d8445,9e1bc5ba-c19c-4e80-bc29-97cb6ba09d4a,2024-01-17 00:00:00,event
cc47212d-9ace-4b79-9697-84319e66316b,4445dd3e-ced6-4cd1-847c-0e0e75ac3258,1937244a-3912-4e51-9247-f7178af1c7be,2024-11-04 00:00:00,event
cce9794a-4e37-4313-9aef-72584e858b60,9d804c3d-a4a4-4dea-940f-60c0d7b74419,0b6d4819-16a3-4136-83ff-aaf69b07ee68,2023-09-09 00:00:00,manual
cd7ea5ee-52c8-45e4-8554-4e1f98eda178,446a6736-d918-46fd-adbb-fedfa481339d,dd601c90-61fb-419a-b070-bd0c79ee5895,2025-07-23 00:00:00,event
ce031bb8-c832-4ac1-b34a-febd668d41e1,ca262697-6aa1-4d73-b418-583213cdd4e1,49c7bd36-dea6-49ce-a1d4-97c7370de174,2024-11-17 00:00:00,manual
ce664ad8-3b75-4be8-ad4c-e2526714c024,d1c646c0-3b46-4b62-9896-b4a193e0776d,e34360b4-28cd-4daa-a38f-3093fb550439,2025-02-07 00:00:00,event
ce89b9af-89d5-4d50-81b9-a7a680a83558,d62f7d16-ee96-4751-b7d1-7a737f6d09d9,a1ec5cf6-d265-41b3-a4d6-13a49c0a8f51,2023-09-30 00:00:00,manual
cebdf768-675d-40a6-a468-a22ad58e9642,fe61ad2d-1e45-4257-b8a2-82f3c064fd4f,e7dd93c2-d6df-4bb8-8e58-f6586f426d9c,2024-02-01 00:00:00,manual
cebf6022-998c-44e4-aa64-9e0c9d67ce99,88bfd87e-b40c-4911-90bb-5848217feaa1,b1051b45-ff02-408f-bb8c-92b6611f659d,2025-06-12 00:00:00,event
cecde058-8b5b-4dea-9a2b-b0eee389e36b,c0a60f87-fe47-446d-b0cc-22fc14f0f3e9,afdc65e6-8168-47bf-a7a6-1d52b55574c3,2023-09-06 00:00:00,event
cfe25de1-1a07-4667-8d99-08732fdc385a,b2870368-ab65-4bea-bc50-052bb41cacc6,90a64857-98bb-41df-afd5-e01a2b0501d2,2024-12-05 08:39:45.668204,manual
d00c0930-5b37-4970-b832-cd03618ab827,42b9a85e-17a1-480a-9821-6ab8f0d9ee99,c85c27ac-4ee2-412c-baae-ed53f43c2de2,2024-05-22 00:00:00,manual
d0396278-4785-4939-958f-ebee3a64ea1b,8d65c830-d49b-4775-9e0c-8d5a147d319d,f90667aa-0466-4777-ace5-28970ae29ab0,2025-10-11 08:39:45.684783,event
d08afff8-b3ed-476d-80e5-57ffbbabd1b0,2979915f-f894-4008-87f6-75f3ac03106e,abac5c69-7f23-49b3-bb20-f26d96d64796,2024-05-29 00:00:00,event
d0dedf5d-39e2-4d7c-b1c4-0079fb1e0f4b,1457ac4a-c875-4110-8f6d-fc0f14d78473,20252f79-aa6b-44b3-98c8-20cc1086b41a,2023-11-01 00:00:00,manual
d0ecc1c9-656b-496f-a198-3a4bb789d579,c70fd9af-a1fb-4cb5-a531-3a204e9715b5,2af08dc5-2364-4459-9276-ca39118849d0,2024-06-26 00:00:00,event
d0f0f2bb-4318-488d-ba3b-2d9ec2078c91,c04b6345-927e-46ac-8e34-09658f18ee34,b866a009-25d3-4a5c-8310-53465df6ddbe,2023-09-06 00:00:00,link
d21e7189-cbd6-4f6b-85bf-4d38b8a8fa31,79ce593e-4858-4ec1-b3c9-05661e25d4eb,376052f6-ff79-4123-b74e-209234a0b213,2023-12-12 00:00:00,event
d281ab16-6e4d-4eab-8392-5630f5536667,4445dd3e-ced6-4cd1-847c-0e0e75ac3258,959b918c-2a29-42c2-a73d-dd5cc91ce5e9,2024-05-31 00:00:00,link
d318ba35-4b22-4fcd-84ae-ef7ffc861535,6ce2efb3-e2d0-4d83-844c-7bb8dde78b68,cc69a3b5-489a-49de-9a36-1d9d8eeb3a71,2025-10-02 08:39:45.676524,event
d44f0319-f145-458e-9a3c-bbe50e2a7fbf,bd45bbeb-46c1-4413-ad6f-d7c3a983b38c,1c37ae67-dc31-48cc-aac8-3a3d85bf0468,2025-03-27 00:00:00,link
d463d6d2-0221-4722-81da-1ab219d09e33,606b64c6-a910-4659-b126-7c1b934e9978,88fe6610-12d2-48df-9172-0a27972789b0,2024-04-12 00:00:00,event
d4d521f3-33c6-45df-82f3-e0e04a67f6da,4e2a50dd-c749-43be-b1a4-975c0338074d,2f9b8cac-07a4-418a-97be-02e2693884e3,2024-09-23 00:00:00,link
d52fd0b5-13a3-4e1c-829a-863866abea30,8c82f2ae-adb7-4b27-b903-ea536729f5a0,e9ad1911-62f8-4c6d-b8d6-c135e8f1d75a,2023-12-09 00:00:00,manual
d60eb2de-0a37-4bf0-b548-968f21c4230a,e0433c78-4d32-46af-9436-c2668a0ac104,2a2b1a6e-c6f0-4894-b105-25387cf2aa8e,2024-01-19 00:00:00,manual
d648a6ed-3633-4cd9-b157-14fa059fc29f,3fef7542-24d6-4800-bbf0-653fbe0ea5e2,aaaa5064-6b5a-48c5-92d6-420bb08ed13b,2024-01-11 00:00:00,event
d6a50c66-a816-4119-88e8-6c92325bf353,d0338c3a-b9e7-4bcc-b1c9-635be60053d0,596fff6c-81a6-488f-b781-a084e5213f2c,2023-09-27 00:00:00,event
d6c51101-a59b-4b73-8ef2-e0d44ebc5d3a,98120be1-cd9f-44cd-ac21-e51b43881569,919194b4-960f-49e0-8e93-95b5683d9c0b,2025-05-17 00:00:00,event
d72cfc6e-0eb7-40fb-8d8f-2c110e7b0399,8b82192d-a8ac-47b0-8255-94461330dc44,094e4237-55bc-438a-af41-ef1259b44f0f,2024-11-20 00:00:00,event
d77db003-8d28-4ddc-a01b-ec3a21b6e495,ec7c6f18-5e97-4fb1-baa9-fec7bbfb696f,aa46c674-fba6-4176-b387-6cd603b91d8b,2024-09-12 00:00:00,manual
d797c10a-05a5-4ad0-8039-f88f0040da3c,65dc13fb-44da-4b9d-b210-da6be27c0965,80501fd9-87bd-4725-a83d-b0e9739f8cb6,2024-05-09 00:00:00,manual
d840be05-c403-4ba9-b393-1f37cbab5e00,478b87ed-bc00-4481-8e46-496740317174,9521d878-2d9f-48c7-ab65-6884567b59c5,2023-09-02 00:00:00,link
d871d232-83d8-4de3-ab4d-9413b462fb62,d1f61c0c-edf2-49bc-9b49-6fd0681e5316,bacc2424-397d-47c9-a3b7-8fae7a132895,2024-04-16 00:00:00,manual
d8a8fa01-026c-4b11-84fd-581aad461951,99ce1385-6ae1-4acc-ad15-354ff8a5d6f7,3959f28a-dfbc-4c20-b8c2-c7cc1cda837d,2025-01-20 08:39:45.674454,manual
d8b66142-c8e1-4df7-b4e6-b8a9ca5c52a2,0b309f63-fa38-40af-a7df-3c4200a4aaa7,5842e994-9a95-4b66-94e1-02fac0214bfa,2025-04-14 00:00:00,event
d9f75371-012d-48f8-879a-3684dbf85883,3be3383b-990e-4677-bfa5-dab91f017c7a,7c12c518-6ee5-408a-971a-11487f1d3245,2024-06-09 00:00:00,manual
d9fec431-0500-4e1d-acf7-41f896365d31,07c08a95-b20e-4c0c-a920-c478180d67f3,18200f3d-20d8-4758-9993-9968ea666e04,2024-10-17 00:00:00,event
da53dd29-8b31-44d5-9cf6-122ae5b633c1,aba0e7a7-5ef4-41c5-8c8e-e52f055cfc7b,629a4a42-e94f-4cfd-9dad-9d766c82fd62,2024-06-06 00:00:00,manual
db46dc60-c2a4-480a-9ea6-25b73ec2e214,a6b11b13-a4aa-4d35-8da3-0966a4d0c45b,79d0c8a5-cccb-4e2b-9b7f-5c1754b5a664,2025-01-05 00:00:00,link
db8b243d-1210-4aa3-bd8a-8f5e9666ef6f,3c47cd25-a8a7-44c5-8b4f-c2aa694f224c,bdf4dee3-f13a-42cd-aa1a-fd27fb49e2ad,2024-08-31 00:00:00,event
db998796-0673-4509-909f-2af855c127f2,fae9a331-1996-4654-a254-33b24245f93c,28b75718-dcc4-468d-a651-2520e2a56d65,2024-08-27 00:00:00,event
dbc1a298-e492-4cc3-922f-058b2528add4,fe6a80eb-7747-41f2-9494-461250dfa1f0,edc9a9c9-b425-4d8c-a450-6f870707f0e5,2024-01-15 00:00:00,event
dbd51ff3-656f-4735-a2b1-a2a2d74a59fe,20c8a983-1235-453a-bc74-11871370a49f,6edc3769-e348-4edd-9443-f238212e2952,2025-02-14 00:00:00,event
dbecf5d0-8098-478a-a7ee-4ac0f8b832c0,7d6eb8e1-f8cb-43e2-b6ee-c5f2fb5a27c9,a579a105-a7af-4d8f-8df0-e41e2e49a8b1,2024-07-24 00:00:00,event
dd5eeeff-e1ca-4d55-957f-7e35fd462b75,99c43c15-49d9-43d9-ac73-06b949567b10,0b6beb5b-9df9-46a1-a46b-4235e2d840f1,2024-12-19 00:00:00,link
ddc24abf-d802-458a-8ee5-91f9c409011b,de37fe36-8637-4173-825e-fc983a0d1dc2,c004d851-2dc4-485a-baa3-9a9e44751a2c,2024-06-20 00:00:00,event
df25a15c-a3b9-4d34-b4c6-410b8f5b65cf,2a8194e1-b02a-4aa8-91a1-f03c2afa2341,bf4a42d5-8e88-4728-a99e-aeefc91ea28a,2025-09-03 08:39:45.668204,link
df7e6aa0-e445-41f7-a729-5a69b2babd66,e09a13af-7fc5-4fa5-8524-f978fdc22f1a,6600e210-ea7b-4568-b135-4ccb8403d3ac,2025-08-23 08:39:45.708536,link
dfe1375f-e67b-4212-bf0c-b651e5acbf5b,1689a59c-95b3-457e-90d1-b5c3e196a11b,9fb66deb-131e-4a50-92ec-7800774efade,2025-04-24 00:00:00,manual
e2269cc6-53c3-4c2b-912f-22b1634aca2e,18da29d0-0334-4a61-b49f-8e2c644063ae,b9a9b600-777c-49e9-9a37-c2371bb8c4e7,2023-09-07 00:00:00,manual
e2358c66-2a7a-4501-adce-ec71349ca92d,cae7106e-d5d3-4d7e-9254-91fd198b8933,d11e0602-7e6f-4cf5-975d-1c6a4fba3bb7,2024-06-19 00:00:00,link
e2beb9e6-3bc1-44bb-86b2-60b97d74c6d8,ab6f336b-43a7-42d8-9bd0-f624b695ac23,5bb4389f-a469-459e-8afe-14b348830d4d,2025-05-25 00:00:00,event
e2da85e1-7498-4c77-a174-eddbed4d479e,06071549-207d-45e2-8da3-8465615dcc08,70605461-68fe-46da-a8cd-a9be58563b12,2024-11-10 00:00:00,event
e33dbb8b-324b-4fe0-9f7f-3360cf8dc089,10405448-9792-44c5-b790-65de50454400,4e177674-a34b-4d6a-b2d9-19c12c2dfc8f,2025-02-01 00:00:00,event
e3831af7-f2cf-4783-bc1c-8fbf6a993bff,99c43c15-49d9-43d9-ac73-06b949567b10,9fc6b3f9-0089-4d57-9f50-90407f10ec84,2025-02-03 00:00:00,event
e47406c6-1c47-4471-ad15-5f24d380a1b4,2643dea1-ccbe-4dd7-ac97-a5a3d7a27e12,d91b8ad4-527c-410a-b0a9-19c05307aea1,2024-09-12 00:00:00,link
e4775409-651e-4e14-abaf-917b96c67edc,c94fe392-f599-4472-bd86-a03198364465,3959f28a-dfbc-4c20-b8c2-c7cc1cda837d,2024-11-06 00:00:00,link
e57bd169-43c8-4c93-962a-696a2ce86a62,ce2087b2-3929-4186-aa1a-d382ea512fae,6dadfd7b-0ff1-4d47-8750-17b4fbcbbc87,2025-04-13 08:39:45.716832,link
e6446b1d-f927-4c92-8cc6-14a4eb37e023,05177781-6211-404b-ba5a-be47c96484eb,d90c395f-27df-481b-a4de-70276ea54d99,2024-02-08 00:00:00,manual
e678c98a-a133-4db8-872a-628e79e2d925,20252f79-aa6b-44b3-98c8-20cc1086b41a,179a078c-de8f-423b-b2c5-127c5ddfaa57,2024-11-12 00:00:00,event
e7470c29-469f-4a55-aad8-b165b57f44a2,73a7bafa-320d-49fc-924d-2974054e7bf0,bcdbe566-8534-400b-ae75-e56f008b1db4,2025-01-20 00:00:00,manual
e77aef36-5f2b-42b8-9ed8-bbc089279fcb,7ba78894-c1f2-4a33-aa1e-3bf8fcba70f2,fd9f18be-ebde-4b56-8e47-e692f93c65c3,2024-05-05 00:00:00,event
e81b031f-00ca-4524-bc5c-c9750272a153,dbc40c9f-147f-4b69-9811-a550fa141b9c,a31b931d-5357-421e-8c7a-421ecb00cf6f,2023-12-10 00:00:00,manual
e9433bce-c458-4653-9660-1da2e11c33c7,59a5a27f-6eb2-4dd1-a884-81b16b3474f6,d9bab4c0-4d22-452e-8210-e5890624c1a0,2024-02-13 00:00:00,manual
e95eded7-6e65-41e5-a7ed-2d2f9bfe595e,c710a691-e490-4ec0-acfd-6cd9d64147b7,f5d91fc1-a419-43d2-a59e-6708ca78e113,2025-07-12 00:00:00,event
ea3413ad-057f-4551-8e27-2cfa6e8786cd,c00c535b-18c1-40e9-a77d-7328adedd9e9,2fa75d45-d967-443b-8671-15d8d6d1b658,2024-03-20 00:00:00,event
ec6f60bc-9497-4021-b969-4122406333c0,99ce1385-6ae1-4acc-ad15-354ff8a5d6f7,00cba771-fb33-4590-a41e-b4140ec0c527,2025-03-19 00:00:00,manual
ec823ce9-1c98-4732-9240-40953c12059f,45fd584e-e2c8-4652-84ab-151e4474c652,cb100999-f86f-44b6-96e5-b74ecae88737,2024-08-31 00:00:00,manual
ecfb3fc6-7af7-4d79-81c4-847574e2a2bb,09655322-124c-4513-8b6e-0b1f0060ea81,4406f8c8-b5a1-475d-a01d-eff07eefcede,2024-11-30 00:00:00,manual
edc66185-4220-4360-bf69-aabe96241334,b8b814f3-858f-44ee-b943-3f13fb6b6281,e4ec6c8c-22bd-4b84-acf0-91723b9a3ba2,2024-09-23 00:00:00,event
ee010980-3815-479f-93e4-db3b94a3efdc,048326c0-b939-471c-9a6f-f80369497a2b,a33a4941-cb8c-4b0c-93ee-08ed95ce6693,2024-12-06 00:00:00,manual
ee78f4c4-17ad-4b7d-8df4-0d1974e9b08a,d8f14861-ba51-48d2-ace9-a13fce05acd2,1058a3cf-cb7b-477c-88fa-b8130b28da25,2025-07-03 08:39:45.668204,manual
ef13be2d-0038-4cd3-9f9f-648486ce5188,3f5892cd-4111-48f4-a8e3-fe4439168819,35f8c79b-e9df-4a23-86f3-61419dddbdda,2025-07-14 00:00:00,manual
ef2fb8e3-cbc8-4eb5-a674-c51baa007e37,a49f3d1d-a2cc-4d6e-9841-297a7c36781d,8107af39-d3ec-482d-bc27-bbcac070e249,2025-05-24 08:39:45.692744,link
ef3e94ad-829e-464f-b6fa-2ab12388dd0c,1689a59c-95b3-457e-90d1-b5c3e196a11b,a4c83137-3ef5-46a8-91d1-2483bd35d93d,2024-06-14 00:00:00,link
ef742ab9-c073-4e1c-a357-57fa961d37c4,764c8faf-fd21-438e-91e4-a991a5f166a7,40c38096-68d3-4360-bb66-9658179bc97a,2025-03-20 00:00:00,event
ef785515-7fec-4435-9bd2-b37a24f9bac0,642e1fd5-523b-4ed1-8d60-05cb21eb580f,096d9182-70c9-4066-b200-1f480c9c5c0e,2024-02-03 00:00:00,manual
f0442e9d-7708-47f1-8c5d-8b2a09829b7d,a367cb43-42f5-4655-995f-681bb6eb55e9,8e477cf9-508b-4b37-ad9f-dbd5a590edb8,2025-02-19 08:39:45.721124,manual
f047a6da-b994-4ee3-8f22-fd3906b9dccf,f5d91fc1-a419-43d2-a59e-6708ca78e113,d2857165-2178-473a-afec-46aa350be24d,2024-03-11 00:00:00,event
f0f64d9f-ef2a-4501-9275-8483a83f48be,4d887c2a-ad0c-4840-8cb4-51e7fb1c0dbc,26882ccb-bb29-4670-87f3-12afbd161d8a,2024-10-12 00:00:00,event
f193d1f9-6dd7-45a4-8d54-63d323e5596e,16d3a30f-01fa-467c-bc5d-1c0fc7a37cec,e195d64d-856c-4651-a687-41a3651517c6,2023-12-17 00:00:00,manual
f24172b2-80c6-4c44-8a87-3225de8899e6,b1051b45-ff02-408f-bb8c-92b6611f659d,738e5d65-3984-4111-a233-9a5a5876f387,2023-09-24 00:00:00,event
f264e66e-87b3-48ca-af34-75738c6a41cc,58bae4d9-f397-4afd-98ce-42a47d4c586a,ca262697-6aa1-4d73-b418-583213cdd4e1,2025-05-15 00:00:00,link
f2a5e795-94cc-47b2-874f-1b410044a168,bc5e9a14-ab4d-4fc7-9fd6-dabafd1e167a,b0a8e5f3-7ca3-4084-b5b4-0aa81e6a7282,2023-09-13 00:00:00,event
f2a85c54-def0-496a-b4ef-84f6e5cdd4dc,d2e12620-cef4-494e-af1d-b239b4f1a892,d0c3d899-de29-4074-bf7d-abb46da20767,2025-03-15 00:00:00,event
f2b0a8c5-04d7-40aa-ad3c-06089aa674a9,a33a4941-cb8c-4b0c-93ee-08ed95ce6693,450d44bc-f85c-49e9-8dbe-b45cc228af5e,2025-08-26 08:39:45.71799,manual
f2dec909-0cae-49ef-95d8-afedd7b20947,6355eb46-7f5f-4e4c-bd98-505a14d9ff8a,afc6ed18-6abc-4072-bc63-809a716a1639,2025-10-08 08:39:45.684783,link
f2f74f81-4a47-4541-b4e5-d54a3f043a06,3292cb01-0f37-45fa-87c5-c4077a323754,5d105a05-c355-4704-ac43-81e0b06b0d53,2025-02-04 00:00:00,manual
f2fbeb1e-3010-4d9e-a91a-89c7683819d3,ef5ad8f8-1eca-4386-8c17-2cd29d8dacb8,42078308-3e2e-4291-8f20-f8816b41fbdb,2025-02-02 00:00:00,link
f2fdbaea-cd44-46a7-9483-a761e3be9910,2c966663-2ea8-4275-b666-af7e29533f17,3a2b561d-c08c-4d43-b0d9-3f7b9b2512a8,2024-02-06 00:00:00,manual
f327d2cb-107a-4687-b692-81f3a1cd20d5,55894235-15d5-4795-8467-277e6a4aa5d3,8107af39-d3ec-482d-bc27-bbcac070e249,2024-03-16 00:00:00,manual
f48d4f24-14f2-44da-8ec1-d6eb42b3b4c1,d4762591-c36b-44cf-a8f6-de5f90a682b9,2296ed0f-15ac-4c4f-b26f-f6ebb74467a4,2024-10-08 00:00:00,link
f4d14a3d-27cb-46b5-b10d-fe6b1fd090bc,2296ed0f-15ac-4c4f-b26f-f6ebb74467a4,5dd9057c-180f-40d3-b8aa-fa1548c839fd,2025-01-11 00:00:00,link
f4e335ab-21c9-4841-8e48-e8e681b858ff,c4c2dd39-8e09-422d-b376-addf54c392bb,ccae97b6-bc2c-455e-9236-f902353fbf5b,2024-03-20 00:00:00,event
f5084ca9-3f5b-458f-901b-81a82bf77d9d,1af28cf5-4aa5-460c-881d-9f7a684f9fd1,38084d37-2d0d-4acd-9da9-d371f32c6b1b,2025-01-07 00:00:00,link
f53539d5-72b6-4838-8ec2-f1a807027168,a19e7679-db28-49b6-b11f-44fd4c9b6e81,5aa9674a-cc4e-4cb9-a115-e65b515ca3e9,2024-03-03 00:00:00,event
f56a855d-208a-4330-be70-6342d5adb13d,09bd34ec-e321-441d-b6c6-8b630adab478,ede7e57a-a435-4906-8881-4003c2270200,2024-07-03 00:00:00,event
f64a6fc7-d1ba-4bf8-babd-5378558b9920,31e370c8-575a-4472-8ae9-acdd5448da16,510a83d0-c7ae-437f-a9bb-4f4ced75ab2b,2024-02-27 00:00:00,link
f660637a-cb5a-46f8-99b8-13cd97a7346c,2d9a78c4-6526-4d43-b065-62614cdd999f,8704d5c9-45c8-4c26-bb80-d27b816690de,2024-01-26 00:00:00,event
f6c76304-c204-4f69-a903-32c8d7c6e030,9a2b2709-5da9-4e4d-95f3-7d4ae9c729bf,e32aa34e-f7c7-4f72-9d7f-85421b5c8614,2023-09-24 00:00:00,event
f6c9338b-1e3b-42f0-9bfa-88ade20726c7,27726b95-5ffb-4ab5-a82a-858ff1bab914,6be87429-f4c3-4a4c-b31c-ed500b50e926,2025-04-12 00:00:00,event
f6d200b7-5f0b-4d01-bb6c-1947c1ca7abe,b267e252-bc36-4817-ac07-e1f07ce173d4,7840ea91-526f-4c49-9f51-b8d575593ace,2024-06-26 00:00:00,link
f7ef9cc4-0be8-4369-a877-cb322a6c1c47,68c1662e-af77-4e67-b4e4-10046ed54ac2,2b0a442a-b66d-462a-8665-6f26d5fef0d4,2024-11-08 00:00:00,link
f7f128be-9f9a-438d-b6d0-1dc6a8812817,81ceeebb-77ef-4f6e-a9a3-957bbbd463d6,b6a78550-3642-49e9-828f-74f86c8fa6d1,2025-10-07 08:39:45.691161,link
f8124d20-85b6-4e13-bddf-21010879bde8,07c08a95-b20e-4c0c-a920-c478180d67f3,e15ba398-ce86-4c1c-b550-4ed3d256f8ee,2024-07-21 00:00:00,manual
f8da89e8-2e81-4383-b9fd-53f3e2bcb7b0,d2f5c7c6-e70c-4407-9fad-18007c933ca9,438e4c86-dd44-4456-a7c7-11dabc0fdbc3,2025-05-16 00:00:00,link
f92c4265-abf9-42c4-8581-a6f51113507e,808e685e-b337-49ea-ba06-fc4960515bc3,362d0326-587a-44af-9d55-d4790090bdea,2024-09-15 00:00:00,manual
f9ec2e0d-43db-4e83-8201-3b9fbbcaedfc,666d0b2d-434b-4b09-9363-6a6b366c0a54,d0398941-5a3e-490c-b3ed-91764f41a3c9,2024-09-24 00:00:00,event
fa17d646-c690-4f02-b520-d99e9f7e1fb1,308b4326-3f39-4acd-9ab7-9ec06ee2906f,2227e897-490d-4e6d-b415-0b78f3db9abc,2024-07-13 00:00:00,link
fa1defb0-1300-46f4-b31b-c5602c02103f,4ebb4c23-dbd5-4257-8b30-dac260df4174,923bd22b-12f5-4630-ab02-29c386695647,2024-03-21 00:00:00,event
fa90f876-ec2c-4f2c-86eb-321bddb83c4d,87007af7-2a80-4969-9104-451cd543e2b1,4d21ec4b-0bb8-44be-a19c-d34a81be0652,2025-08-05 00:00:00,event
fb41fa8d-8492-44cb-9773-95414e8c1448,65192c5d-98ee-4529-b43a-2610de2a0b18,f970f5fa-d246-4a4a-9ea2-8f106a77a3b4,2025-06-05 00:00:00,event
fc2fb7b5-7738-4374-bfb3-4414fbf22e89,7610d3ae-7730-456e-bb12-37af3a444062,7f1069e1-c3a0-46ce-8ea3-ac4b212d4f7e,2025-07-14 00:00:00,manual
fc92d233-88c8-4f9e-b6bb-445cb688eab8,46a36e9c-4f76-4c52-85a9-b78e1704eeee,53b6b352-d2e3-4cde-b142-d3289bb71949,2025-10-16 08:39:45.721124,event
fcaf4d6d-5cf6-4d95-860d-67731ff77e01,25619f61-84e1-4542-a3b2-038b6431a49b,e068b776-b700-4080-986d-1f25efed62c8,2025-05-06 08:39:45.692744,manual
fd484f4c-7b92-487a-ae97-9c6a888f6184,d2857165-2178-473a-afec-46aa350be24d,2ed86b15-7378-465e-ba18-ed252848712c,2023-10-11 00:00:00,link
fdcc4f8c-fa43-4734-8272-fc963a0245a2,d7f26a55-bac2-4106-921e-53187377783d,9637909a-d2ba-4894-b215-221a07ad0de7,2025-02-22 00:00:00,link
fec58075-5fa0-4fd1-b6bc-72ecdfa0d343,899e8b18-1f43-4ac1-98c5-93932d92f53f,3da61d27-cea9-4a4c-9c46-ba96abaa926e,2025-09-29 08:39:45.708536,event
fecbf362-5757-4787-ba72-becb21f1373e,8f2df7e0-0708-4073-ae61-327d5c4e951a,afdc65e6-8168-47bf-a7a6-1d52b55574c3,2024-07-28 00:00:00,event
fed91d24-e98c-4de3-8728-4bafb610fd65,d4762591-c36b-44cf-a8f6-de5f90a682b9,942aa537-2320-4860-973d-5173d79278dd,2024-05-20 00:00:00,manual
ff43a5d3-72a2-42dc-b1b7-3084a1eec5f8,2d9b6320-d18f-40d7-b716-dafb2137cbe0,6b3cb82b-3642-4220-9405-99b316dbe115,2023-12-23 00:00:00,link
ffbf72b5-1f20-435a-a46c-543a2acd4e3e,019b7753-5b69-42be-9b68-9d11394df183,d20c27bd-bd15-47d8-9cdb-669d2d5b8cbd,2024-06-15 00:00:00,manual
ffc402b9-94cf-4ae1-9c3f-1973f68b1f6c,79d0c8a5-cccb-4e2b-9b7f-5c1754b5a664,2a2b1a6e-c6f0-4894-b105-25387cf2aa8e,2023-11-01 00:00:00,event